{
  "100000": {
    "median": 0.00034642744387508,
    "p90": 0.015770938412282928,
    "p10": 0.0,
    "sample": [
      0.00019781472509816843,
      0.0005231326332650479,
      0.0,
      0.0,
      0.015744992958261792,
      0.0,
      0.017027473573414886,
      0.020718935461894794,
      0.00335603267505092,
      0.0,
      0.006018508466452546,
      0.0,
      0.0,
      0.0,
      0.0007838192724073046,
      0.0025104043627621436,
      0.0057619098885686405,
      0.0,
      0.006245189264105664,
      0.0,
      0.0008157394393227816,
      0.0,
      0.0,
      0.005204186468686089,
      0.0,
      0.0,
      0.0,
      0.0,
      0.0,
      0.013547317963997961,
      0.018718139540530653,
      0.0,
      0.0,
      0.0,
      0.012314558926825623,
      0.010706030897825661,
      0.0,
      0.0,
      0.009127981009847092,
      0.0014267195250585395,
      0.0,
      0.0,
      0.011653760612697586,
      0.0,
      0.009459156127468551,
      0.0019661625493388605,
      0.007957813011843878,
      0.0034016286928850656,
      0.0,
      0.0,
      0.0,
      0.00535866438122208,
      0.021288489398227514,
      0.015809856593314634,
      0.01798594312487565,
      0.02501601391024066,
      0.0,
      0.0,
      0.0,
      0.00987546094100167,
      0.0,
      0.01821662468877749,
      0.0005927122475574346,
      0.0010424154594712836,
      0.0,
      0.01653090821196799,
      0.002005194550218512,
      0.00030209538447250966,
      0.0026781308570109886,
      0.0,
      0.017439338129323346,
      0.021698069614349183,
      0.01362455238903735,
      0.0,
      0.0,
      0.0,
      0.0,
      0.0,
      0.006234953760101775,
      0.0034906111773760373,
      0.0,
      0.0,
      0.010053141420993752,
      0.006224169541605849,
      0.006244597248538367,
      0.0,
      0.0,
      0.0,
      0.000260824796023989,
      0.0,
      0.0,
      0.013296575573384711,
      0.0024495484194469825,
      0.004471870366070305,
      0.024105454941157702,
      0.007749041309392538,
      0.0,
      0.00218493189860779,
      0.0,
      0.0034696903601777263,
      0.014423315848128667,
      0.006429785381358459,
      0.010325481073245782,
      0.0,
      0.012462783446930251,
      0.0,
      0.0,
      0.01009781998535376,
      0.00034642744387508,
      0.0,
      0.0,
      0.0,
      0.0,
      0.013297459682516458,
      0.0,
      0.01494293224756187,
      0.0010320951762656004
    ],
    "low_data": false
  },
  "250000": {
    "median": 0.0014131312461291255,
    "p90": 0.01679095820206673,
    "p10": 0.0,
    "sample": [
      0.00045123691837830763,
      0.0011933224749598541,
      0.0,
      0.0,
      0.016336109140570373,
      0.0,
      0.01742269505367095,
      0.02098111564782003,
      0.0036679280546604667,
      0.0,
      0.006480805906116736,
      0.00043049055220596916,
      0.0,
      0.0,
      0.0014131312461291255,
      0.0032002242205119735,
      0.006021968497067647,
      0.0004852935253397225,
      0.007566493088670051,
      0.0,
      0.0025068268721112966,
      0.0,
      0.0,
      0.006018059001986614,
      0.0,
      0.0,
      0.0,
      0.0011532304766403946,
      0.0,
      0.014640925992279652,
      0.02002123172215955,
      0.0005844930910457974,
      0.0007439878847206541,
      0.0,
      0.013952379715245917,
      0.01213752995425714,
      0.0,
      0.0007341408844283288,
      0.009947557988174302,
      0.0023470071032573358,
      0.0,
      0.00031617485920375265,
      0.01321242490378406,
      0.0,
      0.011251523435535624,
      0.0028264311432161376,
      0.009690898459657152,
      0.005673670139680092,
      0.0,
      0.0,
      0.0,
      0.006938555933408586,
      0.023044691485250936,
      0.017034592771584638,
      0.018436350760488034,
      0.026386256140169304,
      0.0,
      0.0,
      0.0,
      0.011113682007380903,
      0.0,
      0.01889196206038501,
      0.0011328009183008544,
      0.00235436126102099,
      0.0,
      0.01773354258107587,
      0.0036361984227856626,
      0.002384175278749037,
      0.003052087757227921,
      0.001926358342197317,
      0.020773355608099172,
      0.024566206466867888,
      0.01372493487699596,
      0.0,
      0.0,
      0.0,
      0.0,
      0.0,
      0.008410042071767428,
      0.005719838929433563,
      0.0,
      0.0,
      0.012472221042288942,
      0.01167837625887623,
      0.007496072435696003,
      0.001408964454037528,
      0.0,
      0.0,
      0.0014516570155259432,
      0.0,
      0.0,
      0.01520124806285608,
      0.0036715867105785015,
      0.0050411728498365145,
      0.025582627624859532,
      0.009142409540802301,
      0.0,
      0.003413724343450364,
      0.0,
      0.004090366727125763,
      0.015309218132311028,
      0.008346827425875154,
      0.011133965535919929,
      0.0,
      0.012901449849015353,
      0.0,
      0.0,
      0.0122822225461062,
      0.0013459853440883735,
      0.0,
      0.0,
      0.0,
      0.0,
      0.014623179213173345,
      0.0,
      0.016628535155721456,
      0.0026724945484778648
    ],
    "low_data": false
  },
  "500000": {
    "median": 0.003766177424791253,
    "p90": 0.019006319686175957,
    "p10": 0.0,
    "sample": [
      0.000842037863692725,
      0.0022268184773597995,
      0.0,
      0.0,
      0.01724766609557423,
      0.0,
      0.01803216388547882,
      0.021385422244555335,
      0.004148900173214704,
      0.0,
      0.007193712199361098,
      0.0011468839052992245,
      0.00013954025666038745,
      0.0,
      0.002383589717208278,
      0.00426399156075943,
      0.006423003421132953,
      0.0016874841481214322,
      0.009604068318383705,
      0.0,
      0.005114643333602228,
      0.0,
      0.0,
      0.007273127278614191,
      0.0,
      0.0,
      0.0,
      0.005779362439088542,
      0.0,
      0.016327372809443293,
      0.022030722879271682,
      0.0031418831511058625,
      0.0025522433967035693,
      0.0,
      0.016478053982703286,
      0.014345036634036006,
      0.0005060016014390781,
      0.002781112150348741,
      0.011211423057537622,
      0.003766177424791253,
      0.00018970264961641744,
      0.003956876568771561,
      0.015616032379910175,
      2.160846090787415e-05,
      0.014015523025614797,
      0.004153046525081717,
      0.012363479824965572,
      0.009177372533335521,
      0.0,
      0.0,
      0.0008547795939573433,
      0.009374897850022946,
      0.025752920890452335,
      0.018923251574642176,
      0.01913092185347662,
      0.028499299010782856,
      0.00161858579020077,
      0.0,
      0.0,
      0.013023135780888092,
      0.0,
      0.01993339603984168,
      0.001965668633429564,
      0.004377505535840459,
      0.0017789285045775784,
      0.01958811830797532,
      0.006151360362474673,
      0.00559493902588443,
      0.0036287645992205122,
      0.005613563835778333,
      0.025914725294534185,
      0.0289891442480763,
      0.013879734149622696,
      0.0,
      0.0,
      0.0,
      0.0,
      0.0,
      0.011764233578592711,
      0.009157518564153583,
      0.0017331360572508158,
      0.0,
      0.016202670181555755,
      0.02008927789878622,
      0.009425965314644073,
      0.00478393948940802,
      0.0,
      0.0,
      0.003288032713599825,
      0.0,
      0.0,
      0.01813843284436792,
      0.005556085116985597,
      0.005919091022455836,
      0.027860567349519604,
      0.011291114888814489,
      0.0,
      0.005308638292477915,
      0.0,
      0.0050475082773509174,
      0.016675363084469805,
      0.011303087228963683,
      0.012380724899003059,
      0.0,
      0.013577914851522169,
      0.0,
      0.000542379385301074,
      0.015650777504296557,
      0.0028873979853562964,
      0.0,
      0.0,
      0.0,
      0.0,
      0.01666756387852815,
      0.0,
      0.019227893962490666,
      0.005202145235563015
    ],
    "low_data": false
  },
  "1000000": {
    "median": 0.006833597565212424,