{
  "100000": {
    "median": 0.0,
    "p90": 0.010394629286736888,
    "p10": 0.0,
    "sample": [
      0.00019781472509816843,
      0.0005231326332650479,
      0.0,
      0.005244985707494692,
      0.00802123803289479,
      0.0,
      0.0,
      0.0,
      0.0,
      0.0,
      0.0,
      0.0052923570390369604,
      0.0,
      0.0033537235228514556,
      0.013915508062785157,
      0.0,
      0.03122674394037949,
      0.0,
      0.006901163602852628,
      0.003609449803106201,
      0.0,
      0.0,
      0.0,
      0.003032503080643569,
      0.0,
      0.006937621338741335,
      0.007442711625218421,
      0.0054046926977895865,
      0.0,
      0.01290710828996355,
      0.005058043620752821,
      0.007355001471958526,
      0.0,
      0.0005511712164449555,
      0.0,
      0.0,
      0.009907140680785194,
      0.005504259883594701,
      0.0,
      0.0012862383171721656,
      0.020877084970211162,
      0.00427733929888746,
      0.008669538196161557,
      0.01234458371054363,
      0.0052269501113854705,
      0.025801995622639507,
      0.0,
      0.015710079814755265,
      0.0,
      0.004585286292477697,
      0.0,
      0.0,
      0.0,
      0.007802398060426978,
      0.0,
      0.0,
      0.0,
      0.00035016910264279704,
      0.0,
      0.0,
      0.009107431032127878,
      0.02162207752801649,
      0.0,
      0.0,
      0.00040983079207643626,
      0.0,
      0.0,
      0.0,
      0.0,
      0.03463143521336407,
      0.0035592472747658153,
      0.0,
      0.0,
      0.0,
      0.0,
      0.0,
      0.0049820103356375284,
      0.009285677299784299,
      0.003894649326463588,
      0.0,
      0.006779609861733802,
      0.0,
      0.0024114906882167944,
      0.0029682794070461,
      0.029513285131527744,
      0.0,
      0.021752911403646213,
      0.0052535804139987995,
      0.002777004758709574,
      0.001085854035563,
      0.0,
      0.0,
      0.0,
      0.0001913162859752679,
      0.0,
      0.0,
      0.004179413597344363,
      0.0,
      0.00233709637983851,
      0.0,
      0.006987035725752063,
      0.0,
      0.006572344857263631,
      0.0,
      0.0,
      0.0029558962806497434,
      0.0,
      0.0,
      0.0,
      0.0,
      0.0,
      0.014045427795114597,
      0.0,
      0.0,
      0.0,
      0.006855674503774515,
      0.0,
      0.0010781345608224838,
      0.004840044443026969
    ],
    "low_data": false
  },
  "250000": {
    "median": 0.00043496391925455184,
    "p90": 0.0123378900394983,
    "p10": 0.0,
    "sample": [
      0.00045123691837830763,
      0.0011933224749598541,
      0.0,
      0.00575479647036101,
      0.00861235421520337,
      0.0,
      0.0,
      0.0,
      0.0,
      0.0,
      0.0,
      0.005756915727978054,
      0.0,
      0.0042756519112355056,
      0.014544820036506978,
      0.0,
      0.0314868025488785,
      0.0,
      0.008222467427417016,
      0.004398223179131588,
      0.0,
      0.0,
      0.0,
      0.0038463756139440943,
      0.0,
      0.007640095380541372,
      0.008939843480185661,
      0.008404594623266615,
      0.001779055617256563,
      0.01400071631824524,
      0.0063611358023817205,
      0.009013388960176658,
      0.0,
      0.0016219655615030291,
      0.0,
      0.0,
      0.012048487203149933,
      0.006831656743839287,
      0.0,
      0.0022065258953709622,
      0.021743751728378453,
      0.006638220518289639,
      0.01022820248724803,
      0.013495501384891742,
      0.007019317419452543,
      0.02666226421651678,
      0.0,
      0.017982121261550292,
      0.0,
      0.005569174846431711,
      0.0,
      0.0,
      0.0,
      0.009027134238696983,
      3.422811691189474e-05,
      0.0,
      0.0,
      0.002777395083880802,
      0.0,
      0.0,
      0.010926502201261354,
      0.022297414899624012,
      0.0,
      0.0,
      0.0026126603452143564,
      0.0,
      0.0,
      0.0,
      0.0,
      0.03702247268259561,
      0.006893264753541639,
      0.0,
      0.0,
      0.0,
      0.0,
      0.0,
      0.0059868189339912226,
      0.01084451430302993,
      0.006069737638129242,
      0.0,
      0.009371978534732043,
      0.0,
      0.004830570309511985,
      0.00842248612431648,
      0.03076476031868538,
      0.0,
      0.023435895929377427,
      0.008005417856065766,
      0.003967836978211528,
      0.0018823053563223324,
      0.0,
      0.0,
      0.0,
      0.0007606187697414771,
      0.0,
      0.00043496391925455184,
      0.005146742215663608,
      0.0,
      0.003122353674601817,
      0.0,
      0.007872938009934424,
      0.0,
      0.007380829319937779,
      0.0,
      2.5750752692847343e-05,
      0.004191986402145756,
      0.0,
      0.0,
      0.0,
      0.0,
      0.0018022888146815319,
      0.01591757981610432,
      0.0,
      0.0,
      0.0,
      0.008541277411934101,
      0.0,
      0.0025677429211958076,
      0.0059864915491586145
    ],
    "low_data": false
  },
  "500000": {
    "median": 0.0025028208275599904,
    "p90": 0.01538357225001228,
    "p10": 0.0,
    "sample": [
      0.000842037863692725,
      0.0022268184773597995,
      0.0,
      0.006540972793282272,
      0.009523911170207228,
      0.0,
      0.0,
      0.0,
      0.0,
      0.0,
      0.0,
      0.00647330908107131,
      0.0,
      0.005697352516969,
      0.015515278507586132,
      0.0,
      0.031887837472943804,
      0.0,
      0.01026004265713067,
      0.005614586185858526,
      0.0,
      0.0,
      0.0,
      0.005101443890571671,
      0.0,
      0.008723376667160276,
      0.011248562131100197,
      0.013030726585714763,
      0.00459268483492499,
      0.015687163135408883,
      0.00837062695949385,
      0.011570779020236724,
      0.0,
      0.0032732315255042306,
      0.0,
      0.0,
      0.015350645685618816,
      0.0088786280097597,
      0.0,
      0.003625696216904879,
      0.023080233683571538,
      0.010278922227857448,
      0.012631809963374145,
      0.015270325086370468,
      0.009783317009531717,
      0.027988879598382362,
      0.0,
      0.021485823655205724,
      0.0,
      0.007086423876567848,
      0.0,
      0.0,
      0.0,
      0.010915793041754523,
      0.0007287992099004841,
      0.0,
      0.0025028208275599904,
      0.00652040667920293,
      0.0,
      0.0,
      0.013731681665972736,
      0.023338848879080682,
      0.0,
      0.0,
      0.006009631465187304,
      0.0,
      0.0,
      0.0012123521953063187,
      0.0,
      0.04070967817617663,
      0.012034634439976653,
      0.0,
      0.0,
      0.0,
      0.0,
      0.0014788480427688142,
      0.007536328647462136,
      0.013248388117609646,
      0.009423929144954525,
      0.0,
      0.013369655750362832,
      0.0,
      0.008561019448778798,
      0.016833387764226476,
      0.03269465319763345,
      0.0,
      0.02603121694326449,
      0.012249010967591649,
      0.005804212676285409,
      0.0031105084786337066,
      0.0,
      0.0002691371297725547,
      0.0,
      0.001638536942360799,
      0.0,
      0.002583669267266739,
      0.00663845426177854,
      0.0007769808362106038,
      0.0043332945521014875,
      0.0002778066697771992,
      0.009239082962093203,
      0.0023058035726135177,
      0.00862758868302091,
      0.0,
      0.0007022157551996626,
      0.0060981540574799615,
      0.0,
      0.003171579062953341,
      0.00014422254151172592,
      0.0009151009114126661,
      0.004774386738496752,
      0.018804614965256823,
      0.003426985181707711,
      0.0,
      0.0,
      0.011140636218703311,
      0.0006034925007034446,
      0.004864859633222058,
      0.007754421212421999
    ],
    "low_data": false
  },
  "1000000": {
    "median": 0.006592990131116933,
    "p90": 0.02153590694402537,
    "p10": 0.0,