{
  "100000": {
    "median": 0.0010763471764781997,
    "p90": 0.013703078619273812,
    "p10": 0.0,
    "sample": [
      0.00019781472509816843,
      0.0005231326332650479,
      0.0,
      0.0,
      0.0,
      0.003020441890408234,
      0.007272677630622885,
      0.0,
      0.0,
      0.009670468269261434,
      0.019589908070084223,
      0.002661918207759145,
      0.00904475099572873,
      0.010584411545050106,
      0.0,
      0.011590738304389309,
      0.022370925343123134,
      0.010737067428728953,
      0.0004710046217345034,
      0.009578769964615135,
      0.0,
      0.0,
      0.0021365971659646045,
      0.0,
      0.0,
      0.007050609877548752,
      0.0,
      0.0037622959595411624,
      0.0,
      0.0,
      0.0,
      0.0,
      0.0,
      0.0,
      0.0,
      0.0,
      0.0,
      0.0,
      0.002072064573082592,
      0.014218937289696226,
      0.0,
      0.0,
      0.0,
      0.008402856238862224,
      0.0031500922169563086,
      0.005770388171722807,
      0.018911073972755085,
      0.0,
      0.008264589644075976,
      0.0005784376967525978,
      0.0,
      0.001334014246565623,
      0.0027105816448150816,
      0.022566569943904,
      0.005903195982809754,
      0.0,
      0.00628174944548378,
      0.01304699661894967,
      0.0038691540063275714,
      0.0,
      0.025605016784754898,
      0.0,
      0.01040939015759728,
      0.021218128735752313,
      0.0,
      0.0,
      0.011341748217670018,
      0.004746022380490518,
      0.0,
      0.01489918612766114,
      0.015730354191813484,
      0.0165761835405071,
      0.0,
      0.012078013494969774,
      0.02129558879834814,
      0.0,
      0.009376391096280691,
      0.004986481401552722,
      0.0010763471764781997,
      0.0,
      0.0,
      0.011416035959339854,
      0.0067926323334178635,
      0.0008376354592389361,
      0.01720749304251015,
      0.0030552374550926248,
      0.0,
      0.0,
      0.0,
      0.0,
      0.0,
      0.0,
      0.0,
      0.010858955338365714,
      0.0,
      0.0006343002888466102,
      0.0,
      0.0,
      0.0,
      0.003515749041382875,
      0.0041587770570844455,
      0.011345990969633946,
      0.00571309843411754,
      0.012780613493449102,
      0.0,
      0.005848985897939091,
      0.0068323126652499976,
      0.007969244777819904,
      0.0,
      0.0,
      0.003766576977522543,
      0.00740961536002826,
      0.010153973187045478,
      0.0,
      0.013359172838992194,
      0.0,
      0.00496987437143248
    ],
    "low_data": false
  },
  "250000": {
    "median": 0.0028916415514098027,
    "p90": 0.015357501505674408,
    "p10": 0.0,
    "sample": [
      0.00045123691837830763,
      0.0011933224749598541,
      0.0,
      2.1759664545234697e-05,
      0.0,
      0.00352636836764289,
      0.007667899110878951,
      0.0,
      0.0,
      0.010133096051644187,
      0.020052205509748414,
      0.0031264768967002392,
      0.010079665613857538,
      0.011506339933434155,
      0.0,
      0.01228055816213914,
      0.02263098395162214,
      0.011516650456914933,
      0.0017923084462988907,
      0.010367543340640521,
      0.0,
      0.0,
      0.0028409644094224756,
      0.0,
      0.0,
      0.007753083919348789,
      0.0,
      0.006762197885018191,
      0.0,
      0.0,
      0.0,
      0.0,
      0.0,
      0.0,
      0.0,
      0.0,
      0.0,
      0.0,
      0.0028916415514098027,
      0.015139224867895023,
      0.0,
      0.0004274496669233255,
      0.0,
      0.009553773913210337,
      0.004942459525023381,
      0.006630656765600084,
      0.02064415942056836,
      0.0006095008711839668,
      0.009517710928293815,
      0.0015623262507066119,
      0.0,
      0.002913905798752129,
      0.0044667837318385015,
      0.023791306122174005,
      0.006353603618422139,
      0.00010588550032285173,
      0.009668554000766468,
      0.015474222600187673,
      0.006224825959728984,
      0.0,
      0.027424087953888374,
      0.0,
      0.0109494788283407,
      0.02253007453730202,
      0.0005618424930333241,
      0.0,
      0.012972752090237169,
      0.006828102274767046,
      0.0,
      0.01729022359689268,
      0.01906437167058931,
      0.019444320393025804,
      0.0,
      0.012621649294190004,
      0.021620927998870054,
      0.0009978716136529577,
      0.010381199694634385,
      0.0065453184047983524,
      0.0032514354881438535,
      0.0,
      0.0,
      0.014108230135735991,
      0.009211711954713054,
      0.0062918421765093165,
      0.018458968229667784,
      0.005243803235150251,
      0.0,
      0.0,
      0.0,
      0.0,
      0.0,
      0.0,
      4.88151718067726e-05,
      0.011428257822131924,
      0.0,
      0.002027668520256373,
      0.0,
      0.0,
      0.0,
      0.004136425408330912,
      0.005044679341266806,
      0.01326303301415064,
      0.006521582896791688,
      0.013547563009916544,
      0.0,
      0.007085076019435104,
      0.008840549033509282,
      0.010153647338572344,
      0.0,
      0.0,
      0.005693889548096342,
      0.009281767381017984,
      0.012455146554445129,
      0.0011844365227931164,
      0.015279687442665562,
      0.0,
      0.006610273743644745
    ],
    "low_data": false
  },
  "500000": {
    "median": 0.004155506620773122,
    "p90": 0.01864280229893657,
    "p10": 0.0,