{
  "100000": {
    "median": 1.842558197282266e-05,
    "p90": 0.013951154277675114,
    "p10": 0.0,
    "sample": [
      3.685116394564532e-05,
      6.364904340328956e-05,
      0.00020685127672957185,
      0.0113827690234538,
      0.004404758326165186,
      0.0,
      0.0,
      0.0,
      0.0,
      0.0,
      0.001231529256717235,
      0.0,
      0.0021345913248096804,
      0.0,
      0.010176091026783308,
      0.005238984558228323,
      0.013201441866760403,
      0.0,
      0.005764716215626812,
      0.0055936007377809654,
      0.0,
      0.0,
      0.0,
      0.0,
      0.0,
      0.0,
      0.005480658213562462,
      0.0,
      0.002575162132823784,
      0.011113884296555085,
      0.0,
      0.02753930574053297,
      0.0,
      0.006527853122661915,
      0.0036809631257239926,
      0.0,
      0.0,
      0.0,
      0.00445596904765566,
      0.0,
      0.011839545801336141,
      0.011468560383337703,
      0.006092551490386378,
      0.0,
      0.02290671860760688,
      0.010622235160012846,
      0.01657715449112478,
      0.0,
      0.0,
      0.0,
      0.0,
      0.0234063070251094,
      0.01246878026606077,
      0.0,
      0.002640058668501772,
      0.035266037170142386,
      0.005607753475373237,
      0.012771111563169447,
      0.020894761196431057,
      0.0074391795300519595,
      0.03751651558991448,
      0.0,
      0.020292866427031167,
      0.0,
      0.007672974035387858,
      0.0,
      0.0,
      0.0,
      0.00788882167172754,
      0.005396842724289187,
      0.0,
      0.0,
      0.0006110823977307596,
      0.0,
      0.0,
      0.007424181982443377,
      0.01805594096596422,
      0.0,
      0.0,
      0.0,
      0.0,
      0.0,
      0.0,
      0.0,
      0.0355660160648433,
      0.002442322308021566,
      0.0,
      0.0,
      0.0,
      0.0,
      0.0,
      0.00493155196972621,
      0.009458563968995462,
      0.00324510775410321,
      0.0,
      0.005007457943875572,
      0.0,
      0.0018979392359490667,
      0.010510614189114798,
      0.030673442164356433,
      0.0,
      0.022658226034704583,
      0.004347412374156136,
      0.00446485271944429,
      0.002997203924390889,
      0.0,
      0.0,
      0.0,
      0.006143969285920344,
      0.0002706950136301274,
      0.0,
      0.0,
      0.006763404470635304,
      0.0,
      0.015243802418066598,
      0.004436337361385906,
      0.0004805738263356876,
      0.011183243463584198,
      0.0,
      0.010732743290151595,
      0.0,
      0.0031221486513232405,
      0.007491317572234566,
      0.0,
      0.0,
      0.0,
      0.0,
      0.0,
      0.014700866688589826,
      0.0,
      0.0,
      0.0,
      0.006801803178193219,
      0.0,
      0.002263592242545122,
      0.006012502208325995
    ],
    "low_data": false
  },
  "250000": {
    "median": 0.000757887840607895,
    "p90": 0.01747045562473279,
    "p10": 0.0,
    "sample": [
      8.40615158918761e-05,
      0.0001451903956531771,
      0.0003859287009902761,
      0.011819054068427152,
      0.004949581197749978,
      0.0,
      0.0,
      0.0,
      0.0,
      0.0,
      0.0022081670517969066,
      0.0008132539625685387,
      0.002974949088959157,
      0.0,
      0.010562891080504839,
      0.005843459479902321,
      0.01414725590452815,
      0.0,
      0.0060377862816868265,
      0.0062861403396057254,
      0.0,
      0.00038540475568583964,
      0.0,
      0.0,
      0.0,
      0.0,
      0.007037059433385786,
      0.0,
      0.003021208412565831,
      0.011722252274798416,
      0.0,
      0.027888826120372537,
      0.0,
      0.006717709759648355,
      0.004141380774013525,
      0.0,
      0.0,
      0.0,
      0.0059256855155256525,
      0.0,
      0.012919666400394667,
      0.012708857573730142,
      0.0071884213365380365,
      0.0,
      0.024172686304692746,
      0.011613277067900114,
      0.01790017190619259,
      0.0,
      0.0005011220789451444,
      0.0,
      0.0,
      0.025968281812968574,
      0.014594821708227054,
      0.0,
      0.0047086332395145,
      0.03761461562945972,
      0.007685110202855902,
      0.013594993538980995,
      0.025153187400351655,
      0.009482438126459283,
      0.03893709929084932,
      0.0,
      0.021644647886612706,
      0.0,
      0.011198230930923085,
      0.0,
      0.0,
      0.0,
      0.010311338824383419,
      0.01312684360451677,
      0.0,
      0.0,
      0.0028957985444286872,
      0.0,
      0.0,
      0.008963685315311196,
      0.01860526787746788,
      0.0,
      0.0,
      0.0007025217186472513,
      0.0,
      0.0,
      0.0,
      0.0,
      0.03656974970965546,
      0.004251174641059043,
      0.0,
      0.0,
      0.0,
      0.0,
      0.00019318081762363724,
      0.0057719370687615455,
      0.011320197105758245,
      0.004613148166708126,
      0.0,
      0.0053514836722517185,
      0.0,
      0.0036182856186516617,
      0.025706585577090473,
      0.03143355485802871,
      0.0,
      0.023760588020756084,
      0.005508371275816,
      0.00752786107474592,
      0.006184439262505629,
      0.0,
      0.0,
      0.0,
      0.0068441629110282285,
      0.0009981243621967196,
      0.0,
      0.0,
      0.007925901756034059,
      0.000201472990642315,
      0.018399483009203854,
      0.007130761836926767,
      0.003770409157798421,
      0.016204214105044384,
      0.0,
      0.01704073934327299,
      0.0,
      0.007974824432339477,
      0.014886051568178033,
      0.0,
      0.0,
      0.0009090653387356759,
      0.0,
      0.0017919167973772165,
      0.016535182769448608,
      0.0,
      0.0,
      0.0,
      0.007833947044249511,
      0.0,
      0.005289055709436237,
      0.007206718514767804
    ],
    "low_data": false
  },
  "500000": {
    "median": 0.0033510800109559052,
    "p90": 0.023838123662414598,
    "p10": 0.0,