{
  "100000": {
    "median": 0.001239145045994999,
    "p90": 0.015279237677734382,
    "p10": 0.0,
    "sample": [
      3.685116394564532e-05,
      6.364904340328956e-05,
      0.0006924981287634252,
      0.0,
      0.002440283206240982,
      0.0,
      0.0,
      0.001277625629448107,
      0.0,
      0.0,
      0.028877669388148515,
      0.015465798849426933,
      0.04349919036103185,
      0.0,
      0.014695718979050748,
      0.0008569217780716285,
      0.0,
      0.0,
      0.0,
      0.0,
      0.002273127718785691,
      0.005879913880704798,
      0.0,
      0.0,
      0.0076966701972391,
      0.01674068470874607,
      0.0032045006681177676,
      0.00792084831663913,
      0.008688342886840192,
      0.0,
      0.009447458414765129,
      0.01975601061593751,
      0.00994472789657905,
      0.0,
      0.010303930109819094,
      0.0,
      0.0,
      0.002770687682047566,
      0.0,
      0.0,
      0.012034007325201138,
      0.0,
      0.0032844110416457846,
      0.0,
      0.0,
      0.0,
      0.0,
      0.0,
      0.0,
      0.0,
      0.0,
      0.0,
      0.0,
      0.004131542256918059,
      0.025991537864584545,
      0.0,
      0.0,
      0.0,
      0.014843928277118426,
      0.004268305803650292,
      0.00849584851098793,
      0.02737312883679764,
      0.0,
      0.011324370306608284,
      0.0025073423997438405,
      0.0,
      0.0012006644625418908,
      0.002863994419484471,
      0.0208231438977641,
      0.010639916399677096,
      0.0,
      0.0038129558396131046,
      0.010248485000615976,
      0.0028122516584644036,
      0.0,
      0.020777787173155503,
      0.0,
      0.009002981161016128,
      0.01836716460178936,
      0.0,
      0.0,
      0.010967705883897482,
      0.0037840112590986656,
      0.0,
      0.014618774414631398,
      0.015549400407848189,
      0.019796675109790544,
      0.0,
      0.013070729948333859,
      0.022493019492502986,
      0.00010741668342079016,
      0.00940746868666213,
      0.005193184571533611,
      0.00045192610348136156,
      0.0,
      0.0,
      0.01025290093570592,
      0.006545869630376086,
      0.008277776679390215,
      0.01770195778264185,
      0.002679337479436863,
      0.0,
      0.0,
      0.0,
      0.0,
      0.0,
      0.0,
      0.0,
      0.0,
      0.012795237620506241,
      0.0,
      0.0006639137936480428,
      0.0,
      0.0,
      0.0,
      0.0,
      0.006113735129422109,
      0.007919895206026803,
      0.012830791576936122,
      0.009892641586138253,
      0.01150241501573187,
      0.002173078964754243,
      0.009989386732503564,
      0.008365575045514615,
      0.007094124336745651,
      0.0,
      0.0,
      0.003794659311618391,
      0.007703855678872656,
      0.008643506358372613,
      0.0019949487059939403,
      0.014281242042809,
      0.0,
      0.005079300581466382
    ],
    "low_data": false
  },
  "250000": {
    "median": 0.002534324202345753,
    "p90": 0.018149188848453335,
    "p10": 0.0,
    "sample": [
      8.40615158918761e-05,
      0.0001451903956531771,
      0.0008715755530241294,
      0.0,
      0.0029851060778257744,
      0.0,
      0.0,
      0.0017656334042872846,
      0.0,
      0.0,
      0.029854307183228186,
      0.017132419977062496,
      0.04433954812518133,
      0.0,
      0.015082519032772279,
      0.0014613966997456262,
      0.0,
      0.0,
      0.0,
      0.0,
      0.0025959714694381926,
      0.0068008099892387895,
      0.0,
      0.0,
      0.008734052988817345,
      0.017634155841733522,
      0.004760901887941091,
      0.008262453781802152,
      0.009134389166582239,
      0.0,
      0.009993456315351996,
      0.02010553099577708,
      0.01024107363063794,
      0.0,
      0.010764347758108627,
      0.0,
      0.0,
      0.0036814219991747306,
      0.0,
      0.0,
      0.013114127924259663,
      0.0,
      0.0043802808877974435,
      0.0,
      0.0,
      0.0,
      0.0,
      0.0,
      0.0,
      0.0,
      0.0,
      0.0,
      0.0,
      0.005465220389691235,
      0.02806011243559727,
      0.0005965978238135828,
      0.0,
      0.0,
      0.019102354481039027,
      0.006311564400057616,
      0.009916432211922774,
      0.03081756435960991,
      0.0,
      0.013785170903721533,
      0.006032599295279067,
      0.0,
      0.0026370925045976087,
      0.005168350381936488,
      0.02324566105041998,
      0.018369917279904682,
      0.0003174729982105128,
      0.005181859334587019,
      0.012533201147313905,
      0.004438388357541237,
      0.0,
      0.022317290506023324,
      0.0,
      0.010285424768236219,
      0.019225842178194074,
      0.0,
      0.0,
      0.01263400014263556,
      0.004940970110422932,
      0.0,
      0.015622508059443558,
      0.017358252740885666,
      0.020079394743336983,
      0.0,
      0.014423125194137323,
      0.02392691959714928,
      0.0012655262623585922,
      0.010247853785697467,
      0.0070548177082963934,
      0.0018199665160862776,
      0.0,
      0.0,
      0.011079131606805195,
      0.00826621601307868,
      0.02347374806736589,
      0.018462070476314128,
      0.00424854697236204,
      0.0,
      0.0,
      0.0,
      0.0,
      0.0,
      0.0,
      0.0011809474022732329,
      0.0,
      0.013522666969072833,
      0.0,
      0.002472676935253313,
      0.0,
      0.0,
      0.0,
      0.000966261600512421,
      0.009403570460884842,
      0.01294086584748699,
      0.015193857513146603,
      0.016200637639259646,
      0.012383744663574305,
      0.00702575474577048,
      0.01738412072844703,
      0.01314838571868708,
      0.009033446798355608,
      0.0,
      0.0,
      0.005726178616615816,
      0.009538171759731439,
      0.01034248680402501,
      0.005925134227305694,
      0.015138920912886898,
      0.0,
      0.00629694581261638
    ],
    "low_data": false
  },
  "500000": {
    "median": 0.00456032378876948,
    "p90": 0.020616168309840286,
    "p10": 0.0,