{
  "100000": {
    "median": 0.0006512501351293267,
    "p90": 0.01683937359742311,
    "p10": 0.0,
    "sample": [
      3.685116394564532e-05,
      6.364904340328956e-05,
      0.0008280464755468198,
      0.0,
      0.0,
      0.0,
      0.0,
      0.017770513354958262,
      0.0,
      0.0028774659970435957,
      0.010160817972640627,
      0.004582731033674625,
      0.0,
      0.0,
      0.0006299757564615804,
      0.0,
      0.0,
      0.0,
      0.0,
      0.010756192532131613,
      0.0,
      0.013109100869205165,
      0.015196256839981846,
      0.002653616510265637,
      0.0,
      0.005417736092704422,
      0.0008716238920189654,
      0.0,
      0.0,
      0.0007067632520514221,
      0.002035766661087779,
      0.00515850417516478,
      0.0,
      0.005814898871599375,
      0.0,
      0.00024019718830777176,
      0.0,
      0.0,
      0.007453426146275636,
      0.0,
      0.0,
      0.0,
      0.0,
      0.0,
      0.024070903173255827,
      0.043915335301978664,
      0.0,
      0.0,
      0.0,
      0.03147835099233013,
      0.02751237831233486,
      0.0,
      0.0,
      0.01935600448731528,
      0.00289371368748649,
      0.0,
      0.0,
      0.01762730867432252,
      0.0,
      0.013900763106431138,
      0.00298450023048464,
      0.01197436540521808,
      0.0033025975769802327,
      0.0,
      0.0,
      0.0,
      0.004372170188970638,
      0.017635984826366195,
      0.014903847620585777,
      0.020664757216905638,
      0.0198892330209861,
      0.0,
      0.0,
      0.0,
      0.00780835386637707,
      0.0,
      0.01521030746304769,
      0.0011381487330526826,
      0.0006863376610364974,
      0.0,
      0.015222510663986104,
      0.0020035423324650664,
      0.0,
      0.0027782383298293784,
      0.0,
      0.017389807044069297,
      0.026789997552489446,
      0.01443887110920626,
      0.0,
      0.0,
      0.0,
      0.0,
      0.0,
      0.00556455224693058,
      0.002205653444371613,
      0.0,
      0.0,
      0.01000492677043666,
      0.013922668853372197,
      0.006146014813575974,
      0.0,
      0.0,
      0.0,
      0.0016402214969486089,
      0.0,
      0.0,
      0.01062396248120586,
      0.003239124018571081,
      0.007939377457509335,
      0.005296360176642376,
      0.03543396820052197,
      0.012402776428813073,
      0.0,
      0.004702786758839111,
      0.004482904758775281,
      0.0,
      0.006059858697648581,
      0.01976349535104628,
      0.007347254659312845,
      0.014402256535136852,
      0.0,
      0.014470407745150297,
      0.0007270057342762945,
      0.0,
      0.008990336826760191,
      0.0012309396935717412,
      0.0,
      0.0,
      0.0,
      0.0,
      0.01425386374235871,
      0.0,
      0.01555502888858198,
      0.0006725245137970731
    ],
    "low_data": false
  },
  "250000": {
    "median": 0.001430073233867981,
    "p90": 0.019285756281448605,
    "p10": 0.0,
    "sample": [
      8.40615158918761e-05,
      0.0001451903956531771,
      0.001007123899807524,
      0.0,
      0.0,
      0.0,
      0.00023651914364342292,
      0.01825852112979744,
      0.0,
      0.0035576022051613887,
      0.0111374557677203,
      0.006249352161310188,
      0.0,
      0.0,
      0.0010167758101831108,
      0.0,
      0.0,
      0.0,
      0.0,
      0.011448732133956373,
      0.0,
      0.014029996977739156,
      0.01620344057561729,
      0.003113615185682037,
      0.0,
      0.006311207225691873,
      0.002428025111842289,
      0.0,
      0.0,
      0.0013151312302947524,
      0.0025817645616746446,
      0.0055080245550043466,
      0.0,
      0.0060047555085858155,
      0.0,
      0.0012808698762913785,
      0.0,
      0.0,
      0.008923142614145627,
      0.0,
      0.0,
      0.0,
      0.0,
      0.0,
      0.025336870870341692,
      0.044906377209865934,
      0.0,
      0.0,
      0.0,
      0.032345718793091775,
      0.0296444481899881,
      0.0,
      0.0,
      0.02068968262008846,
      0.004962288258499218,
      0.0,
      0.0,
      0.018451190650134067,
      0.0017453193532842842,
      0.015944021702838464,
      0.004405083931419484,
      0.015418800928030349,
      0.004654379036561771,
      0.0,
      0.0,
      0.0,
      0.005808598231026356,
      0.01994034078881821,
      0.017326364773241655,
      0.02839475809713322,
      0.021104307498066265,
      0.0,
      0.0,
      0.0,
      0.008626416138300813,
      0.0,
      0.01575963437455135,
      0.0024205923402727736,
      0.0015450152374412095,
      0.0,
      0.01659096914635442,
      0.003669836591203144,
      0.0008386329205198207,
      0.003323232823675077,
      0.0,
      0.019198659377106773,
      0.027072717186035884,
      0.015162797872687497,
      0.0,
      0.0,
      0.0,
      0.0,
      0.0,
      0.006932592659535495,
      0.002812769190641361,
      0.0,
      0.0,
      0.011725273153139256,
      0.02911864024134787,
      0.00690612750724825,
      0.00010748684966597729,
      0.0,
      0.0,
      0.004703229852250239,
      0.0,
      0.0,
      0.012221831666629155,
      0.005241271246397724,
      0.008633697316507509,
      0.006023789525208968,
      0.0368296882212455,
      0.014211539570418343,
      0.0,
      0.008018689382917483,
      0.007638585349912537,
      0.0,
      0.009349694029111314,
      0.024784465992506468,
      0.009710320595523327,
      0.020710252588258246,
      0.0,
      0.019323083526166532,
      0.008121739730219762,
      0.0031223117250814055,
      0.010929659288370148,
      0.003290334595393919,
      0.0,
      0.0,
      0.0,
      0.0,
      0.01818404926367046,
      0.0,
      0.016587172754638273,
      0.0018901697449470712
    ],
    "low_data": false
  },
  "500000": {
    "median": 0.0032369576223015397,
    "p90": 0.022908548992432897,
    "p10": 0.0,