{
  "100000": {
    "median": 0.0006998853924356264,
    "p90": 0.01394069011970208,
    "p10": 0.0,
    "sample": [
      3.845210793174097e-05,
      0.00021475822315838297,
      0.0,
      0.009422090498366531,
      0.0,
      0.012685748385456571,
      0.0,
      0.0,
      0.0010747047488306363,
      0.0,
      0.004046210027814079,
      0.00957482400956907,
      0.01352701792484652,
      0.004790804307976699,
      0.0,
      0.010804560537094006,
      0.0,
      0.0,
      0.016559979156092967,
      0.010376220022637899,
      0.02130636088083852,
      0.0,
      0.0,
      0.0,
      0.0,
      0.012667734086961247,
      0.0,
      0.013805295868156672,
      0.0,
      0.004413620829986883,
      0.0,
      0.0073345011525483075,
      0.0,
      0.010512611383000633,
      0.008674805538747637,
      0.009856416958694535,
      0.006059640976521189,
      0.0,
      6.538148027820738e-05,
      0.01394069011970208,
      0.0,
      0.019598465175366373,
      0.0,
      0.004621221196533084,
      0.0,
      0.0,
      0.0037967737443279567,
      0.005150989387934497,
      0.012961095007764871,
      0.0,
      0.011201348986789525,
      0.0,
      0.0,
      0.01841316509690016,
      0.0019243545745925407,
      0.0,
      0.008633529916551422,
      0.004183133614086497,
      0.0,
      0.0,
      0.007252917401841821,
      0.0,
      0.009278303834973453,
      0.0012130983654521994,
      0.0,
      0.0,
      0.0,
      0.010505238801858647,
      0.0,
      0.0,
      0.0,
      0.0,
      0.009832686652111988,
      0.0,
      0.0,
      0.0,
      0.0,
      0.011193081415772434,
      0.0024002856113926763,
      0.002655200889359415,
      0.0,
      0.0,
      0.0,
      0.0006485573825289849,
      0.01394254614213806,
      0.0,
      0.0030148380329885925,
      0.008710435577525925,
      0.00417040583166888,
      0.0,
      0.0,
      0.002356593263478687,
      0.0,
      0.0,
      0.0,
      0.0,
      0.00909725728558888,
      0.0,
      0.01171455176999321,
      0.01420907014960808,
      0.003567891072643553,
      0.0,
      0.004777937571215371,
      0.0008388908354277406,
      0.0004313081776048922,
      0.0,
      0.0037304976772557794,
      0.002878627234294891,
      0.006455257885271271,
      0.002753380535078015,
      0.005627029567702015,
      0.0001128320969292925,
      0.0010298473496901375,
      0.0,
      0.0,
      0.005697330087371227,
      0.0,
      0.0,
      0.0,
      0.0,
      0.0,
      0.013949051140774852,
      0.018817900707781277,
      0.0,
      0.0006965991888176046,
      0.0,
      0.017001390271060974,
      0.01357302651301228,
      0.0,
      0.0,
      0.011408632530696206,
      0.0011416299904601316,
      0.0,
      0.0,
      0.01828874571263213,
      0.0,
      0.010634985970244835,
      0.004081226927117874,
      0.00795665433828291,
      0.0037003804154332673,
      0.0,
      0.0,
      0.0,
      0.007454706634599909,
      0.025998103402996752,
      0.01756198287405884,
      0.021661050111767267,
      0.027311302264482498,
      0.0,
      0.0,
      0.0,
      0.01113184735079141,
      0.0,
      0.024068545926456485,
      0.002591004456629412,
      0.005403854708698652,
      0.0,
      0.019111924507661724,
      0.001203023049677881,
      0.0,
      0.002571658938870371,
      0.0,
      0.014217146215396156,
      0.0174158111377122,
      0.01034911455026548,
      0.0,
      0.0,
      0.0,
      0.0,
      0.0,
      0.0051433293186329086,
      0.0026746511761124286,
      0.0,
      0.0,
      0.00928619539003894,
      0.012105427505579025,
      0.005628866598102964,
      0.0,
      0.0,
      0.0,
      0.002410973355847895,
      0.0,
      0.0,
      0.01266535663270233,
      0.004190242392593726,
      0.009702241822049562,
      0.006606058223597564,
      0.03972830961099227,
      0.014329480418299956,
      0.0,
      0.0033025807745376314,
      0.0029693761961546395,
      0.0,
      0.007571727384645278,
      0.01675727937345678,
      0.010605741821061243,
      0.012883641229922691,
      0.0,
      0.011754338820163305,
      0.0,
      0.0006998853924356264,
      0.006792953880647575,
      0.0007302453427625803,
      0.0,
      0.0,
      0.0,
      0.0,
      0.01339377112931383,
      0.0,
      0.013918067952672697,
      0.00040285064098296685
    ],
    "low_data": false
  },
  "250000": {
    "median": 0.0031963147159487894,
    "p90": 0.017462415360348153,
    "p10": 0.0,