{
  "100000": {
    "median": 5.154498743919551e-05,
    "p90": 0.018524033830320277,
    "p10": 0.0,
    "sample": [
      5.154498743919551e-05,
      7.477073095913375e-05,
      0.015458926718371686,
      0.0,
      0.0054145239908077215,
      0.010514979374588729,
      0.0,
      0.0,
      0.0010363219550163423,
      0.0034527189418843865,
      0.0,
      0.003061058219382613,
      0.0,
      0.0,
      0.002884391881461285,
      0.0,
      0.0,
      0.008892102584824122,
      0.0011203764053234714,
      0.0,
      0.0,
      0.0019588651269311684,
      0.0,
      0.0019592952457967968,
      0.0,
      0.0,
      0.0015385404439529735,
      0.0,
      0.0,
      0.01471489076358033,
      0.007419678593114931,
      0.01959232875763283,
      0.0,
      0.008612562654567363,
      0.0020195891415947394,
      0.0,
      0.0,
      0.0,
      0.0,
      0.002444324055100688,
      0.005137773240041466,
      0.0,
      0.0,
      0.00863041111825879,
      0.016316418213388893,
      0.0024855345355981957,
      0.006816086439308642,
      0.00837661510661993,
      0.0,
      0.009349111232132971,
      0.01981473632458182,
      0.010483782199708946,
      0.0,
      0.010362760245663022,
      0.0,
      0.0,
      0.00413869509104393,
      0.0,
      0.0,
      0.007492416812969112,
      0.0,
      0.0015834767459277626,
      0.0,
      0.0,
      0.0,
      0.0,
      0.0,
      0.0,
      0.0,
      0.0,
      0.0,
      0.0,
      0.004267805180066227,
      0.028633568486400838,
      0.0,
      0.0,
      0.0,
      0.01430875617277485,
      0.003722266600604662,
      0.009700584710341931,
      0.03230792684848972,
      0.0,
      0.013535095153294551,
      0.0,
      0.0,
      0.00036241626123222737,
      0.0021732059042727514,
      0.03292441416022286,
      0.00911182944656808,
      0.0,
      0.005793368510401428,
      0.017614051538894556,
      0.003406373178365638,
      0.0,
      0.04284053554079741,
      0.0,
      0.016152296814492283,
      0.03336033497515038,
      0.0,
      0.0,
      0.0201079939868116,
      0.006190827645802258,
      0.0,
      0.02605376431004599,
      0.026946941223882644,
      0.02791273482806549,
      0.0,
      0.017272556504690912,
      0.02448959189945074,
      0.0,
      0.010006896348500134,
      0.004394295559138844,
      0.0,
      0.0,
      0.0,
      0.01235076499409186,
      0.006745217387696611,
      0.0,
      0.023763888523822538,
      0.0021707535524494725,
      0.0,
      0.0,
      0.0,
      0.0,
      0.0,
      0.0,
      0.0,
      0.0,
      0.021422363883234236,
      0.0,
      0.0,
      0.0,
      0.0,
      0.0,
      0.0,
      0.006671276589136381,
      0.0073742239504284495,
      0.01875152940317669,
      0.008600561079758044,
      0.01891903922184166,
      0.0,
      0.007539356794580856,
      0.007444209479457002,
      0.008957487428195512,
      0.0,
      0.0,
      0.003238602905178534,
      0.008530469208101818,
      0.011007974375473219,
      0.0,
      0.01431133455710673,
      0.0,
      0.004027166039777736
    ],
    "low_data": false
  },
  "250000": {
    "median": 0.0007615832443535172,
    "p90": 0.01863644073959076,
    "p10": 0.0,
    "sample": [
      0.00011757972657681848,
      0.00017056017546797594,
      0.01569166609352343,
      0.0,
      0.005791517584888828,
      0.011134608005492064,
      0.0,
      0.0,
      0.0013399937971219108,
      0.00374269934054259,
      0.0,
      0.003197892262046508,
      0.0,
      0.0,
      0.003396926235220924,
      0.0,
      0.0,
      0.010208533309196483,
      0.0024853591892724076,
      0.0,
      0.0007615832443535172,
      0.0028835194234315183,
      0.0,
      0.0033486456530151024,
      0.0,
      0.0,
      0.002891021643699775,
      0.0,
      0.0008486882448310213,
      0.015765779295096913,
      0.00815536496687222,
      0.020050099502071966,
      0.0,
      0.010781552200690124,
      0.004357772969153567,
      0.000821783052355524,
      0.0,
      0.0005969744595338824,
      0.0,
      0.0035843954772714587,
      0.005908904789351344,
      0.0,
      0.0004108216434266377,
      0.010324529863260467,
      0.017841677804990255,
      0.0032958478140871156,
      0.007630115853009003,
      0.00933170724693189,
      0.0,
      0.009680924075194563,
      0.02103830700575065,
      0.012402027925104128,
      0.00026701252923273344,
      0.011854689758218923,
      0.0,
      0.0,
      0.007735352375018003,
      0.0,
      0.0,
      0.008781431759002561,
      0.0,
      0.001846013167528464,
      0.0,
      0.0,
      0.0,
      0.0,
      0.0,
      0.0,
      0.0,
      0.0,
      0.0,
      0.0,
      0.00503248687501752,
      0.02966952279384511,
      0.0,
      0.0,
      0.0,
      0.01479269899971056,
      0.004192815943615522,
      0.009848779053279218,
      0.032781921650271884,
      0.0,
      0.013567228907776679,
      0.0,
      0.0,
      0.0006293717507119777,
      0.002374099355433139,
      0.03298349444352187,
      0.009185947571166484,
      0.0,
      0.0059280536500809266,
      0.01782506638478466,
      0.003576022233295635,
      0.0,
      0.04295453193889274,
      0.0,
      0.01632401200807255,
      0.03349624461623445,
      0.0,
      0.0,
      0.020246455910315427,
      0.006401193977077086,
      0.0,
      0.02633121587756308,
      0.027104611724092925,
      0.028087479036593373,
      0.0,
      0.017384709073808534,
      0.02454701957139304,
      0.0,
      0.010162777105640865,
      0.004506571382436486,
      0.0,
      0.0,
      0.0,
      0.012412681753815276,
      0.006831561244850338,
      0.0,
      0.023830095816641028,
      0.0022547544330598014,
      0.0,
      0.0,
      0.0,
      0.0,
      0.0,
      0.0,
      0.0,
      0.0,
      0.021441636695314265,
      0.0,
      0.0,
      0.0,
      0.0,
      0.0,
      0.0,
      0.006816855904110448,
      0.007444678745325005,
      0.01883513147324087,
      0.008687640885538882,
      0.019019085219684467,
      0.0,
      0.007763782953687135,
      0.007616431553262758,
      0.009069485897232585,
      0.0,
      0.0,
      0.0033932512386057817,
      0.008774280040596062,
      0.011180847425608117,
      0.0,
      0.014561169894558688,
      0.0,
      0.0042651767445663884
    ],
    "low_data": false
  },
  "500000": {
    "median": 0.0022508691133043047,
    "p90": 0.019131503225707794,
    "p10": 0.0,