{
  "100000": {
    "median": 0.0,
    "p90": 0.01291834231415014,
    "p10": 0.0,
    "sample": [
      5.154498743919551e-05,
      7.477073095913375e-05,
      0.0,
      0.003480230896187139,
      0.0,
      0.004553040551682866,
      0.009708986631758064,
      0.0,
      0.01009617641877348,
      7.134362473107067e-05,
      0.0,
      0.0,
      0.0,
      0.004920283877566161,
      0.0,
      0.0,
      0.0,
      0.0,
      0.0,
      0.0028545269119105376,
      0.0,
      0.0008718749379377907,
      0.005339355724375007,
      0.002812161071554446,
      0.0,
      0.0,
      0.0,
      0.0,
      0.0,
      0.0010521704013559488,
      0.0,
      0.0010211733604817913,
      0.0,
      0.006439848775486573,
      0.004232490249687593,
      0.00760556232798214,
      0.0,
      0.004947536669004941,
      0.004957334416488068,
      0.0,
      0.0,
      0.0,
      0.0,
      0.0,
      0.0,
      0.004605431136698697,
      0.0,
      0.0027831728155322637,
      0.010670565773130731,
      0.0,
      0.027348936776433647,
      0.0,
      0.005892779806623529,
      0.004236849107468523,
      0.0,
      0.0,
      0.0,
      0.004455928807028574,
      0.0,
      0.007379706850264126,
      0.007159481450720501,
      0.0031771982621802294,
      0.0,
      0.011289482919682771,
      0.008960683779696135,
      0.014110815299709457,
      0.0,
      0.0,
      0.0,
      0.0,
      0.023181816347564322,
      0.012279043742944138,
      0.0,
      0.00197906115103432,
      0.03792766867000816,
      0.005045989003300609,
      0.014929333054606088,
      0.02162601428519579,
      0.007701548929319936,
      0.047356094615706654,
      0.0,
      0.025750640949077006,
      0.0,
      0.007553838273938298,
      0.0,
      0.0,
      0.0,
      0.010462222237027566,
      0.0,
      0.0,
      0.0,
      0.0,
      0.0,
      0.0,
      0.013678055997038264,
      0.03603479528414454,
      0.0,
      0.0,
      0.0,
      0.0,
      0.0,
      0.0,
      0.0,
      0.06517242900981271,
      0.0020780759683091993,
      0.0,
      0.0,
      0.0,
      0.0,
      0.0,
      0.004951135465873566,
      0.009305876556218666,
      0.002654199469275278,
      0.0,
      0.006357062629983763,
      0.0,
      0.0007798190789817785,
      0.0,
      0.04174209482632178,
      0.0,
      0.03053159515053055,
      0.004667000725059189,
      0.002868105217157621,
      0.0007780318117367126,
      0.0,
      0.0,
      0.0,
      0.01099873044190386,
      0.0,
      0.0,
      0.0,
      0.010687885906460217,
      0.0,
      0.02422318037051033,
      0.004181586207976166,
      0.0,
      0.013344541361620818,
      0.0,
      0.010043216029085908,
      0.0,
      0.0,
      0.003177221468033064,
      0.0,
      0.0,
      0.0,
      0.0,
      0.0,
      0.017834651101062877,
      0.0,
      0.0,
      0.0,
      0.006489872342053112,
      0.0,
      0.00016050369867951238,
      0.004756768714366954
    ],
    "low_data": false
  },
  "250000": {
    "median": 0.0,
    "p90": 0.013075124076475526,
    "p10": 0.0,
    "sample": [
      0.00011757972657681848,
      0.00017056017546797594,
      0.0,
      0.004014029940996819,
      0.0,
      0.005172669182586201,
      0.01034659354944048,
      0.0,
      0.010399848260879047,
      0.00036132402338927435,
      0.0,
      0.0,
      0.0,
      0.0056609370188467414,
      0.0,
      0.0,
      0.0,
      0.0011692054719087356,
      0.0,
      0.003611202002673203,
      0.0,
      0.0017965292344381408,
      0.006396783112739653,
      0.004201511478772752,
      0.0,
      0.0,
      0.0,
      0.0018565279811469538,
      0.0,
      0.0021030589328725324,
      0.0002688471564201013,
      0.0014789441049209277,
      0.0006954461714508992,
      0.008608838321609335,
      0.00657067407724642,
      0.00925445953846259,
      0.0,
      0.005728160997672121,
      0.006062567703437136,
      0.0,
      0.00027069198898001484,
      0.0,
      0.0,
      0.0,
      0.0,
      0.005415744415187617,
      0.0,
      0.003738264955844224,
      0.01131963627756012,
      0.0,
      0.028572507457602477,
      0.0,
      0.006339969287740905,
      0.005728778620024424,
      0.0,
      0.0,
      0.0029728749518981635,
      0.007579082134209619,
      0.0,
      0.008668721796297577,
      0.00849632333041991,
      0.003439734683780931,
      9.666101758836897e-05,
      0.012091541619658409,
      0.00905270896680604,
      0.014241059987116372,
      0.0,
      0.0,
      0.0,
      0.0,
      0.023773550846016213,
      0.012565315956412764,
      0.0,
      0.003015015458478592,
      0.038147394128516046,
      0.0054213593078072065,
      0.015427957292339652,
      0.0221099571121315,
      0.008172098272330796,
      0.04750428895864394,
      0.0,
      0.025940078303515492,
      0.0,
      0.007654245775833525,
      0.0,
      0.0,
      0.0,
      0.010521302520326571,
      0.0,
      0.0,
      0.0,
      0.0,
      0.0,
      0.0,
      0.013792052395133592,
      0.03638940969671366,
      0.0,
      0.0,
      0.0,
      0.0,
      0.0,
      0.0,
      0.0,
      0.0654498805773298,
      0.0022357464685194804,
      0.0,
      0.0,
      0.0,
      0.0,
      0.0,
      0.005107016223014298,
      0.009418152379516308,
      0.0028322882872216463,
      0.0,
      0.006388466449677752,
      0.0,
      0.0008661629361355053,
      0.0,
      0.04180830211914027,
      0.0,
      0.030604807722754715,
      0.004761565480682967,
      0.0030296459554536807,
      0.0009040054477312998,
      0.0,
      0.0,
      0.0,
      0.011166402747533834,
      0.0,
      0.0,
      0.0,
      0.010752787077674254,
      0.0,
      0.024288576977673105,
      0.004263907919754912,
      0.0,
      0.013414996156517376,
      0.0,
      0.010130295834866746,
      0.0,
      0.0,
      0.0034016476271393438,
      0.0,
      0.0,
      0.0,
      0.0,
      0.0,
      0.018078461933557118,
      0.0,
      0.0,
      0.0,
      0.006607295294966607,
      0.0,
      0.00047925723839628857,
      0.005158482108683205
    ],
    "low_data": false
  },
  "500000": {
    "median": 0.0005196335475204409,
    "p90": 0.01344554320077036,
    "p10": 0.0,