{
  "100000": {
    "median": 0.0,
    "p90": 0.020434058786381666,
    "p10": 0.0,
    "sample": [
      5.154498743919551e-05,
      7.477073095913375e-05,
      0.011390675313442544,
      0.0,
      0.010611836985966272,
      0.0,
      0.0,
      0.0,
      0.0,
      0.009461143062052695,
      0.0,
      0.0,
      0.0,
      0.0,
      0.00721103878409113,
      0.0,
      0.0,
      0.0003019323906756447,
      0.0,
      0.008396693906288642,
      0.0027495348003297023,
      0.002262253736310132,
      0.0,
      0.0,
      0.0,
      6.78634773367311e-05,
      0.010419157558690056,
      0.0,
      0.0017496169815464247,
      0.0054650242094911846,
      0.0021602487861591795,
      0.0,
      0.0,
      0.001850759284452781,
      0.0,
      0.0,
      0.0,
      0.0,
      0.009140740051875313,
      0.0,
      0.011491182437275805,
      0.014610729294304256,
      0.003360984781224127,
      0.0,
      0.00564096530804549,
      0.0003128125470277829,
      0.0,
      0.0,
      0.0007281795495635193,
      0.0018808618646437168,
      0.005684404908208066,
      0.0006963218686840625,
      0.005273245545402419,
      0.0,
      0.000811319011844441,
      0.0,
      0.0,
      0.0062841434969419935,
      0.0,
      0.0,
      0.0,
      0.0,
      0.0,
      0.011855861285361584,
      0.03900919834702787,
      0.0,
      0.0,
      0.0,
      0.03101387351629514,
      0.026018318217192582,
      0.0,
      0.0,
      0.022351466863739247,
      0.0022685952532386397,
      0.0,
      0.0,
      0.02075136682755191,
      0.0,
      0.015810501716342823,
      0.002549383492120901,
      0.012384294149115209,
      0.0031388975160371053,
      0.0,
      0.0,
      0.0,
      0.0065131670008034374,
      0.030134213443424235,
      0.0226447592463699,
      0.028817230057269397,
      0.0401207705741639,
      0.0,
      0.0,
      0.0,
      0.015553926417076641,
      0.0,
      0.030262215077315,
      0.000408496503260243,
      0.0001362967402933877,
      0.0,
      0.02723687678243675,
      0.001562244944771363,
      0.0,
      0.004750000619328893,
      0.0,
      0.0304388579045539,
      0.03783554562294531,
      0.02032576229725978,
      0.0,
      0.0,
      0.0,
      0.0,
      0.0,
      0.005333650897339383,
      0.0020988604507633925,
      0.0,
      0.0,
      0.01118475323741732,
      0.002881366642641829,
      0.0077475930402734995,
      0.0,
      0.0,
      0.0,
      0.0,
      0.0,
      0.0,
      0.01762687194160254,
      0.003262894009932805,
      0.01449269612035214,
      0.008293609054483852,
      0.061434455338640684,
      0.020461132908662135,
      0.0,
      0.00411440366224562,
      0.0038708767117501893,
      0.0,
      0.006571636250138688,
      0.02904216943962256,
      0.00942469674076923,
      0.01634464527177442,
      0.0,
      0.018592402591939155,
      0.0,
      0.0,
      0.011971555878600961,
      0.0,
      0.0,
      0.0,
      0.0,
      0.0,
      0.01597663204243227,
      0.0,
      0.015830053286691213,
      0.0
    ],
    "low_data": false
  },
  "250000": {
    "median": 0.00017056017546797594,
    "p90": 0.02052230118465146,
    "p10": 0.0,
    "sample": [
      0.00011757972657681848,
      0.00017056017546797594,
      0.011623414688594284,
      0.0,
      0.010988830580047378,
      0.0,
      0.0,
      0.0,
      0.0,
      0.009751123460710897,
      0.0,
      0.0,
      0.0,
      0.0,
      0.00772357313785077,
      0.0,
      0.00019081011087182347,
      0.0016183631150480057,
      0.0,
      0.009153368997051306,
      0.004541967550138977,
      0.003186908032810482,
      0.0,
      0.0,
      0.0,
      0.0006969084334783513,
      0.011771638758436858,
      0.0,
      0.0026379478094129393,
      0.006515912741007768,
      0.0028959351599164677,
      0.0,
      0.0,
      0.004019748830575543,
      0.0,
      0.0,
      0.0,
      0.0,
      0.01024597333882438,
      0.0,
      0.012262313986585683,
      0.015610206540831539,
      0.004529400557501692,
      0.0,
      0.007166224899646854,
      0.0011231258255167027,
      0.0,
      0.0,
      0.0013772500539929093,
      0.0022126747077053093,
      0.006907975589376895,
      0.002614567594079246,
      0.0057204350265197944,
      0.0,
      0.0025334141221483855,
      0.0,
      0.0006965199555207767,
      0.00940729682412304,
      0.0,
      0.0,
      0.0,
      0.0,
      0.0,
      0.012657919985337222,
      0.03910122353413777,
      0.0,
      0.0,
      0.0,
      0.031106179606204327,
      0.026374260273034012,
      0.0,
      0.0,
      0.02311614855869054,
      0.003304549560682912,
      0.0,
      0.0,
      0.021249991065285474,
      0.0,
      0.016281051059353683,
      0.0026975778350581867,
      0.012858288950897375,
      0.0033283348704755945,
      0.0,
      0.0,
      0.0,
      0.006780122490283188,
      0.030335106894584622,
      0.022703839529668906,
      0.0288913481818678,
      0.0401809640046591,
      0.0,
      0.0,
      0.0,
      0.015811160648351866,
      0.0,
      0.03061682948988411,
      0.0005802116968405071,
      0.0002722063813774531,
      0.0,
      0.0274750259616963,
      0.0017007068682751937,
      0.0,
      0.004873303859179508,
      0.0,
      0.030596528404764182,
      0.03801028983147319,
      0.020439827340832443,
      0.0,
      0.0,
      0.0,
      0.0,
      0.0,
      0.0055117397152857515,
      0.002176340101388584,
      0.0,
      0.0,
      0.011271097094571048,
      0.0029957204344199222,
      0.007813800333091992,
      0.0,
      0.0,
      0.0,
      0.0,
      0.0,
      0.0,
      0.017935888991991503,
      0.003444190087520468,
      0.014659253026310538,
      0.008312881866563879,
      0.06152019852878627,
      0.020542919645606214,
      0.0,
      0.0042610717113849925,
      0.0039362733189129626,
      0.0,
      0.0067172155651127555,
      0.029112624234519116,
      0.009508298810833414,
      0.01643172507755526,
      0.0,
      0.01874191023661046,
      0.0,
      0.0,
      0.012083554347638035,
      0.0,
      0.0,
      0.0,
      0.0,
      0.0,
      0.016204325548873577,
      0.0,
      0.01594747623960471,
      0.00016520869837159885
    ],
    "low_data": false
  },
  "500000": {
    "median": 0.0008904387123717041,
    "p90": 0.020658379292942973,
    "p10": 0.0,