{
  "100000": {
    "median": 0.0,
    "p90": 0.010433465805528223,
    "p10": 0.0,
    "sample": [
      0.0004673132289678061,
      0.0011120606359018204,
      0.0,
      0.003648475370962996,
      0.0071411446533055315,
      0.0,
      0.007442013309876398,
      0.00034027217446197495,
      0.0,
      0.0,
      0.0,
      0.004325523500732993,
      0.0,
      0.0,
      0.0,
      0.0,
      0.0,
      0.002950568098317755,
      0.0,
      0.0013251247402884456,
      0.005688562533511482,
      0.002632144980229821,
      0.0,
      0.0,
      0.0,
      0.0,
      0.0,
      0.0015790169850885684,
      0.00010728226074149653,
      0.001222154909556879,
      0.0,
      0.006515043897349047,
      0.004054699534877197,
      0.010767370003235122,
      0.0,
      0.005192700684540321,
      0.004482242159171332,
      0.0,
      0.0,
      0.0,
      0.0,
      0.0,
      0.0,
      0.005693989144081885,
      0.0,
      0.003538771602019595,
      0.0130069509188102,
      0.0,
      0.031508998756203915,
      0.0,
      0.006554878489228097,
      0.004036047550289305,
      0.0,
      0.0,
      0.0,
      0.004628898287589032,
      0.0,
      0.008374626872779989,
      0.008851336515957481,
      0.008212964536779138,
      0.0,
      0.01227876376684689,
      0.006734139650639941,
      0.00833448653501443,
      0.0,
      0.0016827720385397854,
      0.0,
      0.0,
      0.010340958072272692,
      0.006250191287695942,
      0.0,
      0.00110235599088382,
      0.02336202484340745,
      0.00343870837409853,
      0.010060099894726579,
      0.013923107078590185,
      0.004573071338123462,
      0.027425212499056613,
      0.0,
      0.014535245783195946,
      0.0,
      0.005522731361417746,
      0.0,
      0.0,
      0.0,
      0.009873452376067895,
      0.0,
      0.0,
      0.0,
      0.0,
      0.0,
      0.0,
      0.011194086232414786,
      0.03049527968545823,
      0.0,
      0.0,
      0.0,
      0.0,
      0.0,
      0.0,
      0.0,
      0.05008154265299633,
      0.002544103365228546,
      0.0,
      0.0,
      0.0,
      0.0,
      0.0,
      0.0032077742806030612,
      0.00683239493845779,
      0.002683240650490799,
      0.0,
      0.004058593026764257,
      0.0,
      0.0014317862393264157,
      0.0006344261451954453,
      0.01991992529807235,
      0.0,
      0.015313076319646233,
      0.0027429912977913985,
      0.0019381511613003868,
      0.0006327868683089213,
      0.0,
      0.0,
      0.0,
      0.00034198742562653643,
      0.0,
      0.0,
      0.007445660076627227,
      0.0,
      0.017463080888625786,
      0.003476347679349987,
      0.0,
      0.010443744442556616,
      0.0,
      0.008476548187436402,
      0.0,
      0.0,
      0.0031994776529784795,
      0.0,
      0.0,
      0.0,
      0.0,
      0.0,
      0.014010231342841418,
      0.0,
      0.0,
      0.0,
      0.007037568184039007,
      0.0,
      0.000277407464191193,
      0.003876891366640634
    ],
    "low_data": false
  },
  "250000": {
    "median": 0.0003379334454480631,
    "p90": 0.012697001783684445,
    "p10": 0.0,
    "sample": [
      0.0010659923382963655,
      0.0025367313487159853,
      0.0,
      0.00475060508531691,
      0.008548808495094682,
      0.0,
      0.007649558697135295,
      0.0009245791939512798,
      0.0,
      0.0,
      0.0005051557494182087,
      0.005918240489731441,
      0.0,
      0.0,
      0.0,
      0.00017071114147791753,
      0.0,
      0.003981244708854573,
      0.0,
      0.00284655281013233,
      0.006772250466630851,
      0.003632851497923149,
      0.0,
      0.0005326547953066706,
      0.0,
      0.0,
      0.0,
      0.00324908156495383,
      0.001913809521321194,
      0.0016710281800949305,
      0.001075484139337729,
      0.006770315503475661,
      0.005211742175460729,
      0.013930796180948187,
      0.0,
      0.007126078621507578,
      0.004778113585808376,
      0.0,
      3.150690702526191e-05,
      0.0,
      0.0,
      0.0,
      0.0,
      0.007158978467690057,
      0.0,
      0.004951449356751119,
      0.013709236202416106,
      0.0,
      0.03195867349989139,
      0.0,
      0.006927122335307904,
      0.005005769639588134,
      0.0,
      0.0,
      0.0,
      0.006777253257740229,
      0.0,
      0.009325825667749347,
      0.010971010515739888,
      0.01413911695146675,
      0.0,
      0.01306832491915281,
      0.00971319641908476,
      0.01042678654895349,
      0.0,
      0.004297605399123836,
      0.0,
      0.0,
      0.012714224868351574,
      0.0074833268439887645,
      0.0,
      0.001673290220599693,
      0.024973036656651935,
      0.004385917689393286,
      0.012363306508277494,
      0.016102060098299145,
      0.004933800885780019,
      0.027589571587895344,
      0.0,
      0.014785961963431647,
      0.0,
      0.007335074660132782,
      0.0,
      0.0,
      0.0,
      0.009933902616600852,
      0.0,
      0.0,
      0.0,
      0.0001467688223718202,
      0.0,
      0.0,
      0.012541994021680275,
      0.030504675016506506,
      0.0,
      0.0,
      0.0,
      0.0,
      0.0,
      0.0,
      0.0,
      0.05117094406360909,
      0.0039316916908684945,
      0.0,
      0.0,
      0.0022459504750179634,
      0.0,
      0.0008099476322628613,
      0.003736852876800828,
      0.008754966582432713,
      0.004240644424743524,
      0.0,
      0.004797284453320528,
      0.0,
      0.002854394525770174,
      0.002506932421386983,
      0.021418091763960118,
      0.0,
      0.016139943246795293,
      0.0035254497869781232,
      0.001992656252235661,
      0.0008275647287104807,
      0.0,
      0.0,
      0.0,
      0.0012396981944508036,
      0.0,
      0.0,
      0.008766839708250264,
      0.0,
      0.017545964697185997,
      0.0036866062229902294,
      0.0,
      0.011026052315077261,
      0.0,
      0.009309315659895944,
      0.0,
      0.0,
      0.004006285398636334,
      0.0,
      0.0,
      0.0,
      0.0,
      0.0,
      0.015293930959818127,
      0.0,
      0.0,
      0.0,
      0.00809051518866438,
      0.0,
      0.0007129278596023875,
      0.004697111420011998
    ],
    "low_data": false
  },
  "500000": {
    "median": 0.002028944185015271,
    "p90": 0.014775063273112706,
    "p10": 0.0,