{
  "100000": {
    "median": 0.0007763495717078647,
    "p90": 0.015486963241994353,
    "p10": 0.0,
    "sample": [
      0.0004673132289678061,
      0.0011120606359018204,
      0.0049245981880823445,
      0.007733370613923672,
      0.0,
      0.0,
      0.0007521972746914315,
      0.0028668574142354628,
      0.0,
      0.002904700767562206,
      0.00029706835484452914,
      0.0,
      0.00334860339929843,
      0.0,
      0.0,
      0.007482172948682376,
      0.0005356650897571815,
      0.0,
      0.0,
      0.0023210496510253286,
      0.0,
      0.0017183877576579989,
      0.0,
      0.0,
      0.000985680619113721,
      0.0,
      0.0,
      0.017806887936796675,
      0.009976600545995027,
      0.025610048445819072,
      0.0,
      0.009405921342538358,
      0.001157735019575978,
      0.0,
      0.0,
      0.0008358227387910087,
      0.0,
      0.0020412265402022785,
      0.005499557487667697,
      0.0,
      0.0,
      0.00855610278605489,
      0.017535218229880457,
      0.0032659277669763,
      0.008692119482303622,
      0.010225891894621626,
      0.0,
      0.011317228057069813,
      0.022614859414447352,
      0.011281625597714314,
      0.0,
      0.01057434196182759,
      0.0,
      0.0,
      0.003157069802179742,
      0.0,
      0.0,
      0.008509594173953701,
      0.0,
      0.006289537694602459,
      0.0,
      0.0,
      0.0,
      0.0,
      0.0,
      0.0,
      0.0,
      0.0,
      0.0,
      0.0,
      0.002253093281217101,
      0.016057646733825662,
      0.0,
      0.0,
      0.0,
      0.009714125994085677,
      0.002244670969769885,
      0.005666739277335127,
      0.018206773741225153,
      0.0,
      0.00878380394625518,
      0.0012106683852139088,
      0.0,
      0.0002792689309725687,
      0.0034407453599423037,
      0.03106366396578861,
      0.008169335928798076,
      0.0,
      0.005661468485413358,
      0.015937062893553157,
      0.004124637258571353,
      0.0,
      0.03295894443419071,
      0.0,
      0.013776450096588615,
      0.02857155043770538,
      0.0,
      0.0,
      0.01569153413822122,
      0.005026302303329178,
      0.0,
      0.020432820136945733,
      0.021128795860727547,
      0.02213866005731902,
      0.0,
      0.009269874360380586,
      0.013771006652278641,
      0.0003692009104177274,
      0.00613352368193967,
      0.00399161235973082,
      0.0008005018687242979,
      0.0,
      0.0,
      0.006686870595322346,
      0.00412246106239896,
      0.0,
      0.01183412714474157,
      0.0020020512201999706,
      0.0,
      0.0,
      0.0,
      0.0,
      0.0,
      0.0,
      0.0,
      0.015464233142413592,
      0.0,
      0.0,
      0.0,
      0.0,
      0.0,
      0.0,
      0.005099414423351672,
      0.005956100203823461,
      0.015333113063697432,
      0.007344650454231878,
      0.01637014068559123,
      0.0,
      0.006933404720897786,
      0.006881820228417362,
      0.0070802741116296085,
      0.0,
      0.0,
      0.0029588200245161123,
      0.007150765266314587,
      0.009902229713945252,
      0.0,
      0.013716167558000343,
      0.0,
      0.005014068283497335
    ],
    "low_data": false
  },
  "250000": {
    "median": 0.002336341651568266,
    "p90": 0.01637093947387983,
    "p10": 0.0,
    "sample": [
      0.0010659923382963655,
      0.0025367313487159853,
      0.0058162014152583815,
      0.008835500328277585,
      0.0,
      0.0,
      0.0009597426619503279,
      0.0034511644337247675,
      0.0,
      0.0038401108291535144,
      0.0023917709379499604,
      0.0,
      0.005397645206126072,
      0.002194191768403499,
      0.0,
      0.008161283334990003,
      0.0011577053750765928,
      0.0,
      0.001090074385894642,
      0.0038424777208692132,
      0.0,
      0.0027190942753513273,
      0.0,
      0.0,
      0.001552253899759146,
      0.0,
      0.0005139743290679241,
      0.019476952516661934,
      0.011783127806574725,
      0.026058921716357125,
      0.0,
      0.009661192948664972,
      0.0023147776601595096,
      0.0028561255892245647,
      0.0,
      0.002769200675758266,
      0.0,
      0.0025080815152512823,
      0.006193918583554421,
      0.0,
      0.0,
      0.009041264466859836,
      0.018692143496863312,
      0.004730917090584472,
      0.01034499506429172,
      0.011638569649353149,
      0.0,
      0.012376327434027825,
      0.023064534158134833,
      0.01235696903906922,
      6.47729125720347e-05,
      0.011544064051126422,
      0.0,
      0.0013994046863210798,
      0.004655978727005589,
      0.0,
      0.0,
      0.009460792968923059,
      0.0,
      0.01221569010929007,
      0.0,
      0.0,
      0.0,
      0.0,
      0.0018348844214347636,
      0.0,
      0.0010893251631697177,
      0.0005382144261865856,
      0.0,
      0.0,
      0.0025666286996096363,
      0.016628580963541535,
      0.0004981129138429919,
      0.0,
      0.0,
      0.011893079013794635,
      0.0026054005174264423,
      0.005831098366173857,
      0.018513912706845152,
      0.0,
      0.010625937248124146,
      0.0030230116839289442,
      0.0,
      0.0005007994140644093,
      0.00602481211175229,
      0.031124114206321565,
      0.008628331088835043,
      0.0,
      0.006515013294819584,
      0.017183359816658493,
      0.006358464838854296,
      0.0,
      0.0343068522234562,
      0.0,
      0.013986815652068899,
      0.028995651246619347,
      0.0,
      0.0,
      0.01645189953765755,
      0.00550161328493344,
      0.0,
      0.02152222154755849,
      0.022516384186367495,
      0.023261031603406764,
      0.0,
      0.011518721985294519,
      0.01521017080296348,
      0.0014767431567253861,
      0.006662602278137437,
      0.0059141840037057435,
      0.0023579056429770223,
      0.0,
      0.0,
      0.008213027304347038,
      0.005545069348842718,
      0.0011397518582931497,
      0.013332293610629337,
      0.003389163823973159,
      0.0,
      0.0,
      0.0,
      0.0,
      0.0,
      0.0,
      0.0,
      0.01636194391123786,
      0.0,
      0.0008293089099718862,
      0.0,
      0.0,
      0.0,
      0.0,
      0.005412498693338571,
      0.006538408076344106,
      0.015593842981321545,
      0.00817741792669142,
      0.01690314598926942,
      0.0,
      0.007740212466555641,
      0.00731109450432956,
      0.0076863164469696535,
      0.0,
      0.0,
      0.003787239712894557,
      0.008434464883291295,
      0.011194182303117042,
      0.0007917170400890327,
      0.014616424394314029,
      0.0,
      0.0060804486368416675
    ],
    "low_data": false
  },
  "500000": {
    "median": 0.0043072496050371705,
    "p90": 0.01763451833484247,
    "p10": 0.0,