{
  "100000": {
    "median": 0.0002965742675675834,
    "p90": 0.0157401412462793,
    "p10": 0.0,
    "sample": [
      0.0004673132289678061,
      0.0011120606359018204,
      0.00921687566103198,
      0.0,
      0.0,
      0.0,
      0.0,
      0.007356390303206964,
      0.0,
      0.0,
      0.0,
      0.0,
      0.006394933890373533,
      0.0,
      0.0002364519618906248,
      0.0,
      0.0,
      0.008204260533600112,
      0.002734428903901939,
      0.002599021132988881,
      0.0,
      0.0,
      0.0,
      0.0005512591286627026,
      0.010980893577275302,
      0.0,
      0.001916856265742021,
      0.006820375969875218,
      0.0033948634585566715,
      0.0,
      0.0,
      0.00040908791698888325,
      0.0,
      0.0,
      0.0,
      0.0,
      0.008825719517389197,
      0.0,
      0.01244365917539154,
      0.016712553573852578,
      0.003064321787994169,
      0.0,
      0.005796646598328407,
      0.0007773618902740152,
      0.0,
      0.0,
      0.000819735953167518,
      0.002698424995872475,
      0.005933973716544487,
      0.0,
      0.005854814130314381,
      0.0,
      0.001159631261762342,
      0.0,
      0.0,
      0.007303125073647389,
      0.0,
      0.0,
      0.0,
      0.0,
      0.0,
      0.01289820508987177,
      0.021637850363840336,
      0.0,
      0.0008023579058033313,
      0.0,
      0.015703625722270197,
      0.012797387180069958,
      0.0,
      0.0,
      0.012146656337498946,
      0.0012648075651703538,
      0.0,
      0.0,
      0.013368412101599553,
      0.0,
      0.00931786879067358,
      0.0015345625892261626,
      0.0069985210872171,
      0.0018709106360928931,
      0.0,
      0.0,
      0.0,
      0.004525760917166509,
      0.023182833128832906,
      0.021366121382292144,
      0.025169603539186902,
      0.03363792282323646,
      0.0,
      0.0,
      0.0,
      0.013082789572236572,
      0.0,
      0.02557346778718498,
      0.0003974407942631486,
      0.00035669657324454205,
      0.0,
      0.021767658741411185,
      0.0016912762566764572,
      0.0,
      0.004075476371198734,
      0.0,
      0.023738331803089614,
      0.029734494019658705,
      0.016068780962361248,
      0.0,
      0.0,
      0.0,
      0.0,
      0.0,
      0.004246657801619728,
      0.002969944851800266,
      0.0,
      0.0,
      0.006124900248986145,
      0.002723648848087862,
      0.004630709280631407,
      0.0,
      0.0,
      0.0,
      0.0,
      0.0,
      0.0,
      0.012715549816869917,
      0.002627679385024941,
      0.0064100208756978725,
      0.043076242644484015,
      0.014301388538458436,
      0.0,
      0.0031109561246050054,
      0.0028140970238036064,
      0.0,
      0.005025644492089311,
      0.022243011609484557,
      0.007781516148594977,
      0.0134206087745303,
      0.0,
      0.016476404379692555,
      0.0,
      0.0,
      0.009325420536161788,
      0.0006023088383361739,
      0.0,
      0.0,
      0.0,
      0.0,
      0.014202571964141576,
      0.0,
      0.016111261140595315,
      0.0005508940541318059
    ],
    "low_data": false
  },
  "250000": {
    "median": 0.0010863431726981982,
    "p90": 0.01704393058424407,
    "p10": 0.0,
    "sample": [
      0.0010659923382963655,
      0.0025367313487159853,
      0.010108478888208016,
      0.0006071501458539109,
      0.0,
      0.0,
      0.0,
      0.007940697322696269,
      0.0,
      0.0,
      0.0019594072008531725,
      0.0,
      0.008443975697201175,
      0.0,
      0.0017066045357817961,
      0.0005677568774415069,
      0.0,
      0.00923493714413693,
      0.004621459208558021,
      0.004120449202832766,
      0.0,
      0.0,
      0.0,
      0.0019067235976895107,
      0.011547466857920727,
      0.0,
      0.0027110385246914364,
      0.00849044054974048,
      0.0052013907191363696,
      0.0,
      0.0,
      0.0006643595231154971,
      0.0,
      0.0,
      0.0,
      0.0,
      0.00912159094402624,
      0.0,
      0.013138020271278264,
      0.017710515191210183,
      0.0036544534351487593,
      0.0,
      0.006953571865311262,
      0.0022423512138821863,
      0.0,
      0.0,
      0.0015220212367734241,
      0.003757524372830487,
      0.006383648460231964,
      0.0009839554202187672,
      0.006227057976394187,
      0.0,
      0.0033782340000363736,
      0.0,
      0.0,
      0.009451480043798586,
      0.0,
      0.0,
      0.0,
      0.0056469736603803975,
      0.0,
      0.013687766242177688,
      0.024616907132285155,
      0.0011066940071000311,
      0.00385519226186578,
      0.0,
      0.018777326100853753,
      0.015193934152528149,
      0.0,
      0.0002674521868607179,
      0.01246019175589148,
      0.001835741794886227,
      0.0,
      0.0,
      0.01567161871515047,
      0.0,
      0.009678598338330138,
      0.001698921678064893,
      0.007305660052837099,
      0.002121626816328593,
      0.0,
      0.0,
      0.0,
      0.00474729140025835,
      0.02576689988064289,
      0.0214265716228251,
      0.02562859869922387,
      0.03442520852319275,
      0.0,
      0.0,
      0.0,
      0.01569375583701754,
      0.0,
      0.025582863118233257,
      0.000607806349743433,
      0.0007807973821585085,
      0.0,
      0.02187046664389179,
      0.0024516416561127883,
      0.0,
      0.004675216983486812,
      0.0,
      0.02512592012872956,
      0.03085686556574645,
      0.01762769400608797,
      0.0,
      0.0007627351244812689,
      0.0,
      0.0,
      0.0,
      0.005804061575872452,
      0.005279697542473189,
      0.0,
      0.0,
      0.007547508535429903,
      0.0045961551242793995,
      0.006128875746519175,
      0.0007717497574721527,
      0.0,
      0.0,
      0.0,
      0.0,
      0.0,
      0.013007160759674738,
      0.0031203390220678035,
      0.007307731644522139,
      0.0440653743224977,
      0.015284407207757571,
      0.0,
      0.004124987361944604,
      0.0028969808323638154,
      0.0,
      0.00533872876207621,
      0.022825319482005203,
      0.00804224606621909,
      0.014253376246989842,
      0.0,
      0.017030566410802223,
      0.0,
      0.0,
      0.009931462871501833,
      0.001953062569898769,
      0.0,
      0.0,
      0.0,
      0.0,
      0.015363419130249746,
      0.0,
      0.01716420814522069,
      0.0016172744074761385
    ],
    "low_data": false
  },
  "500000": {
    "median": 0.0026792063969732624,
    "p90": 0.019225989285528617,
    "p10": 0.0,