{
  "100000": {
    "median": 4.2540017396847996e-05,
    "p90": 0.014077489575589207,
    "p10": 0.0,
    "sample": [
      1.5971610222454405e-05,
      1.5448770464817453e-05,
      0.0,
      0.0,
      0.0,
      0.005923318608922479,
      0.014013760956623322,
      0.008694829086478947,
      0.0,
      0.01729789377341119,
      0.0,
      0.01231589149788912,
      0.00026594165548498563,
      0.0,
      0.01232650693692314,
      0.014277127450464529,
      0.00026102614308555353,
      0.016519654076941954,
      0.009749805403899973,
      0.0,
      0.0,
      0.0,
      0.0,
      0.01858520625642585,
      0.009621281148681413,
      0.008791309349837111,
      0.0062676914413967175,
      0.0,
      0.014076981245974573,
      0.0,
      0.00919345310817539,
      0.0,
      0.0,
      0.007471413770689595,
      0.009593568967058652,
      0.0,
      0.0,
      0.0,
      0.0,
      0.008964908599635633,
      0.0019951234068059324,
      0.006902399174305923,
      0.012385485653865514,
      0.013327603374481106,
      0.009509060949795497,
      0.013186385417304871,
      0.007355984333378491,
      0.0,
      0.008339328937789974,
      0.026369309056231718,
      0.0,
      0.0007159810870232639,
      0.005591825670598171,
      0.0,
      0.02085343247663322,
      0.0,
      0.0,
      0.013172009453337115,
      0.005526696665080498,
      0.0,
      0.0,
      0.0,
      0.007644218261041684,
      5.374708029349985e-05,
      0.003349339617690127,
      0.0,
      0.0,
      0.00221040657851771,
      0.0178052647753972,
      0.0,
      0.0,
      0.0,
      0.0,
      0.0,
      0.010016179563742959,
      0.007853642831166801,
      0.012217261515423026,
      0.01465623522422831,
      0.023410850299170425,
      0.0,
      0.007016870051065521,
      0.008848556894553689,
      0.0,
      0.0,
      0.0,
      0.005402467193029485,
      0.00984001202500855,
      0.0029740662405643293,
      0.003636570271591489,
      0.010365593635243345,
      0.014082064542120907,
      0.0,
      0.006930329138893998,
      0.0,
      0.014889323287210399,
      0.016254576416350298,
      0.001050087984277246,
      0.023748672740173848,
      0.0017232024844619706,
      0.0,
      0.014206000311559174,
      0.0,
      0.01646390096284703,
      0.0,
      0.0,
      0.007871973240545492,
      0.0033262940549824843,
      0.0,
      0.0,
      0.0,
      0.007795148083710892,
      0.0,
      0.003971060625626712,
      0.0,
      0.0016413061710667618,
      0.0,
      0.008727544627519781,
      0.0,
      0.0,
      0.0013111907403492568,
      0.0,
      0.0,
      0.0,
      0.005127636772460168,
      0.016511206579220283,
      0.017823729388932317,
      0.0,
      0.0,
      0.0,
      0.0,
      0.004073169593026306,
      0.0,
      0.0069704628708244344,
      0.0,
      0.026091014332365964,
      0.0,
      0.006436871153950482,
      0.0,
      0.0,
      0.0,
      0.009469309351693576,
      0.0,
      0.008510199875008728,
      0.007445562214212948,
      0.0,
      0.0,
      0.006321252582630563,
      0.0,
      0.0,
      0.0038634907369188625,
      0.013110485847468831,
      0.0,
      0.0,
      0.0,
      0.00841089403576711,
      0.0,
      0.005783231010682899,
      0.0068126547557643006,
      0.009789307934627307,
      0.0023899464566867943,
      0.00210846490006521,
      0.0,
      0.0,
      0.0,
      0.0,
      0.0040000321357105345,
      0.0,
      0.0,
      0.0004514415449111968,
      0.0003791491503009394,
      0.0,
      0.015113274032715347,
      0.0,
      0.0024268366141020343,
      0.0,
      0.0,
      0.0,
      0.0,
      0.02057980975844991,
      0.0038663207486863567,
      0.0,
      0.0,
      0.0008276417961944898,
      0.0,
      0.004293365121011729,
      0.0,
      0.011124042946744305,
      0.001616786822391343,
      0.0,
      0.0,
      3.1332954500196144e-05,
      0.0,
      0.0,
      0.0,
      0.0,
      0.0,
      0.0018341931895379602,
      0.0036637669575756955,
      0.0,
      0.005913402475529956
    ],
    "low_data": false
  },
  "250000": {
    "median": 5.7814761086931575e-05,
    "p90": 0.014101403031919856,
    "p10": 0.0,