{
  "100000": {
    "median": 0.0,
    "p90": 0.012309935342664174,
    "p10": 0.0,
    "sample": [
      2.3005414427858134e-05,
      2.0920389564151377e-05,
      0.0,
      0.0,
      0.0,
      0.015989389405194107,
      0.0,
      0.008814003046364703,
      0.0002929686426161147,
      0.0038084842546433437,
      0.016013786910191986,
      0.00775364619215432,
      0.002405863902793247,
      0.0,
      0.001018807342670037,
      0.0,
      0.0,
      0.00020396472822060033,
      0.0012866998256462567,
      0.0025750504128102952,
      0.0,
      0.001833701578396866,
      0.0034037079248022428,
      0.013537196297515491,
      0.010619205003731366,
      0.0,
      0.002367086761435558,
      0.009490396940957569,
      0.0,
      0.0,
      0.0,
      0.0,
      0.00046570271271076163,
      0.0,
      0.0,
      0.003607876192646468,
      0.008486866760904798,
      0.009048317130543838,
      0.0,
      0.003702591159500509,
      0.018080570376575712,
      0.004154459945161929,
      0.002294785289666255,
      0.006008071019858538,
      0.011941432973182224,
      0.0022881475469073223,
      0.0,
      0.0,
      0.0,
      0.0,
      0.0,
      0.01634155525009182,
      3.459704861288395e-05,
      0.0,
      0.008645900389189509,
      0.0,
      0.009014535954110885,
      0.0,
      0.0,
      0.0,
      0.0,
      0.004499441599930529,
      0.0032414612597822003,
      0.020670730441071233,
      0.0,
      0.0,
      0.002765296737689737,
      0.0,
      0.0040624305565489195,
      0.009595483819866305,
      0.0,
      0.0,
      0.0,
      0.0,
      0.0018632480065335383,
      0.014667530075115252,
      0.008972427994887006,
      0.0015314860811203447,
      0.0007265715827355955,
      0.0055830637660044015,
      0.011327255131408275,
      0.005580528373433488,
      0.00752041035382135,
      0.01431163629641265,
      0.0,
      0.013866639225302388,
      0.0024736189711745964,
      0.007945807486041895,
      0.0,
      0.0,
      0.0,
      0.0,
      0.0,
      0.023282534417269952,
      0.0,
      0.008686758910248003,
      0.007924846531792467,
      0.014772976935523555,
      0.0,
      0.0035932855607125015,
      0.0,
      0.0,
      0.0005800041652187288,
      0.0,
      0.0,
      0.004746453822384557,
      0.0,
      0.001064556305612542,
      0.0,
      0.007565142064246422,
      0.0,
      0.009581987307965535,
      0.005200052774651113,
      0.0,
      0.0,
      0.0,
      0.0,
      0.0,
      0.0,
      0.0,
      0.0,
      0.0,
      0.004852491513615844,
      0.002511097277898596,
      0.001959219981125737,
      0.007853313682145145,
      0.0,
      0.0,
      0.006673893675028915,
      0.0,
      0.0016482132635423595,
      0.0,
      0.0,
      0.0,
      0.0,
      0.0064197966281373696,
      0.0,
      0.0,
      0.0,
      0.0,
      0.0,
      0.0,
      0.007003905124648966,
      0.0027252162171215633,
      0.009257903106085333,
      0.0,
      0.0,
      0.0,
      0.0,
      0.004706192480762964,
      0.0,
      0.0,
      0.012863754772428812,
      0.0,
      0.0,
      0.0,
      0.0,
      0.0,
      0.0,
      0.0031463304830329514,
      0.004840069333394745,
      0.01761658318748802,
      0.0,
      0.0192791125985239,
      0.0,
      0.014340146737737966,
      0.01776336963640323,
      0.0,
      0.0,
      0.019992839549104698,
      0.007355771184544007,
      0.0,
      0.0,
      0.0,
      0.0014028442583648366,
      0.003676927471385894,
      0.005293258416744293,
      0.0,
      0.0,
      0.02398467583963867,
      0.007415002255824693,
      0.01200345018186422,
      0.0,
      0.0,
      0.0,
      0.0,
      0.009412092647036305,
      0.01568117413696168,
      0.0008375979697970255,
      0.0,
      0.000575880353440837,
      0.011124847147520963,
      0.005851168799673634,
      0.005961058848635388,
      0.0,
      0.019717051995288115,
      0.0,
      0.0,
      0.0,
      0.012248399850468107
    ],
    "low_data": false
  },
  "250000": {
    "median": 0.0,
    "p90": 0.012328735682528999,
    "p10": 0.0,