{
  "100000": {
    "median": 0.0,
    "p90": 0.010481706817285335,
    "p10": 0.0,
    "sample": [
      1.2797787538732772e-05,
      1.2810348523180613e-05,
      0.002312391428191246,
      0.0,
      0.0,
      0.0,
      0.0,
      0.007075636524855101,
      0.0002666805144918723,
      0.0,
      0.0,
      0.0,
      0.0,
      0.0,
      0.008419192340598994,
      0.005347806556323928,
      0.0,
      0.0,
      9.91338180177317e-05,
      0.004539071523098814,
      0.002735705653425743,
      0.0,
      0.0,
      0.0,
      0.0,
      0.0,
      0.0,
      0.0,
      0.0,
      0.0017817423940668967,
      0.0,
      0.0,
      0.0,
      0.0,
      0.0,
      0.009506891872540202,
      0.0,
      0.024986868509862523,
      0.0067123091861193045,
      0.0,
      0.0,
      0.0,
      0.015029238808746685,
      0.0,
      0.0,
      0.007746393916394999,
      0.008275204328309669,
      0.0,
      0.0,
      0.0,
      0.010623778177008164,
      0.0,
      0.0,
      0.002412373304112924,
      0.0005578208867034947,
      0.0,
      0.0,
      0.0,
      0.004781552963325433,
      0.011767337897804198,
      0.0,
      0.004748949738601421,
      0.01613878286950079,
      0.0,
      0.013735551657913913,
      0.0,
      0.00929239273577005,
      0.0,
      0.016056303266893748,
      0.0,
      0.0,
      0.0,
      0.014118977210331693,
      0.004876790364085784,
      0.0,
      0.0,
      0.0016801406707396783,
      0.004030518513981464,
      0.0,
      0.0,
      0.00026159361397344653,
      0.00018186634339147385,
      0.005847803895834238,
      0.0027873630916870943,
      0.010678091394983236,
      0.0031816759409392667,
      0.0,
      0.0,
      0.01869790473224103,
      0.010635687624025912,
      0.001013324994632123,
      0.004351766559536052,
      0.00601089787085216,
      0.001648950170948502,
      0.0,
      0.003390245440166797,
      0.006833972972616689,
      0.007155662080844615,
      0.005967055037374498,
      0.005779117153744252,
      0.0,
      0.0,
      0.0,
      0.0,
      0.0,
      0.0,
      0.0,
      0.00739556948331241,
      0.014292104483540001,
      0.0,
      0.0,
      0.0,
      0.0,
      0.002007089372084401,
      0.0,
      0.0007606942395803664,
      0.0,
      0.0008788167067953663,
      0.00633489886077286,
      0.0,
      0.0,
      0.0,
      0.0,
      0.0036366021049392214,
      0.0,
      0.0,
      0.0,
      0.0,
      0.006733794330131737,
      0.0,
      0.0,
      0.0,
      0.004223788794813423,
      0.00908985856300664,
      0.0,
      0.002571671199809934,
      0.0,
      0.0,
      0.0005288001819968918,
      0.0,
      0.0009765474624423781,
      0.0,
      0.0,
      0.0,
      0.0,
      0.011498172651545591,
      0.0,
      0.0,
      0.0,
      0.003171891608850058,
      0.0016633831058126697,
      0.0,
      0.018200531726601608,
      0.0,
      0.008343824863791711,
      0.0,
      0.0,
      0.015801488360305645,
      0.003188175214675262,
      0.01412145963646092,
      0.005242373504087751,
      0.0,
      0.0,
      0.006891609976733652,
      8.22214689741509e-05,
      0.0,
      0.0007999452068692871,
      0.0,
      0.0,
      0.0,
      0.014344716772178278,
      0.00933121022223365,
      0.002799951242039527,
      0.0,
      0.009859678415283036,
      0.0,
      0.0,
      0.010659525180700624,
      0.01281830264562656,
      0.0,
      0.0,
      0.010465921110649467,
      0.0,
      0.002043659217814298,
      0.010348604260271246,
      0.0,
      0.0,
      0.0011547753227779238,
      0.0,
      0.0,
      0.0,
      0.0031796280627384766,
      0.0,
      0.0,
      0.0,
      0.0,
      0.003929384629360878,
      0.00032016661273181335,
      0.0,
      0.011165609083893515
    ],
    "low_data": false
  },
  "250000": {
    "median": 0.0,
    "p90": 0.010510981506873235,
    "p10": 0.0,
    "sample": [
      2.919314630481748e-05,
      2.9221799277497998e-05,
      0.002329081697736189,
      0.0,
      0.0,
      0.0,
      0.0,
      0.007101189793270059,
      0.0002880616810105766,
      0.0,
      0.0,
      0.0,
      0.0,
      0.0,
      0.008436760663169006,
      0.0053723993420525355,
      0.0,
      0.0,
      0.0001234443921664219,
      0.004575638966111043,
      0.0027648422217000247,
      0.0,
      0.0,
      0.0,
      0.0,
      0.0,
      0.0,
      0.0,
      0.0,
      0.0017990979271085524,
      0.0,
      0.0,
      0.0,
      0.0,
      0.0,
      0.009528818290788846,
      0.0,
      0.02500928953635134,
      0.006731491017461477,
      0.0,
      0.0,
      0.0,
      0.01504700410765797,
      0.0,
      0.0,
      0.007775605620701228,
      0.008292229884010969,
      0.0,
      0.0,
      0.0,
      0.010645757025688686,
      0.0,
      0.0,
      0.0024285906364839684,
      0.0005747982152327178,
      0.0,
      0.0,
      0.0,
      0.004813413546311684,
      0.011785472687722112,
      0.0,
      0.004772820974463096,
      0.016154394078738345,
      0.0,
      0.013763879450731058,
      0.0,
      0.009313064800657179,
      0.0,
      0.01607264756947843,
      0.0,
      0.0,
      0.0,
      0.014132440215680782,
      0.004898855085449641,
      0.0,
      0.0,
      0.001702821592224507,
      0.004059441624181214,
      0.0,
      0.0,
      0.00027510678606119926,
      0.00020786093584942137,
      0.005867172598918454,
      0.002802399640157747,
      0.010704934306505936,
      0.003196861630371255,
      0.0,
      0.0,
      0.01871586380258823,
      0.010656620352398435,
      0.0010281119886159315,
      0.004378985515227462,
      0.006040895676948788,
      0.0016641274048200892,
      0.0,
      0.00341034578234154,
      0.0068496019354499175,
      0.0071722002120288945,
      0.0060008312438838765,
      0.0057995658325372,
      0.0,
      0.0,
      0.0,
      0.0,
      0.0,
      0.0,
      0.0,
      0.007416469307298598,
      0.014307639301516866,
      0.0,
      0.0,
      0.0,
      0.0,
      0.002045947960659709,
      0.0,
      0.000782357104677715,
      0.0,
      0.0008970694920815034,
      0.006352094828005372,
      0.0,
      0.0,
      0.0,
      0.0,
      0.0036627087583279037,
      0.0,
      0.0,
      0.0,
      0.0,
      0.006754354940040415,
      0.0,
      0.0,
      0.0,
      0.004261528000271514,
      0.009133106674931873,
      0.0,
      0.0026090054880887844,
      0.0,
      0.0,
      0.0005634210578002095,
      0.0,
      0.0009959637253064762,
      0.0,
      0.0,
      0.0,
      0.0,
      0.01152322749180123,
      0.0,
      0.0,
      0.0,
      0.003199405612015694,
      0.0017019096189105568,
      0.0,
      0.018222059512765863,
      0.0,
      0.008367781187391022,
      0.0,
      0.0,
      0.01582073874018346,
      0.0032228053007218316,
      0.01414606114186929,
      0.005267268858964254,
      0.0,
      0.0,
      0.006915981540818162,
      9.876521537316531e-05,
      0.0,
      0.0008235175425864914,
      0.0,
      0.0,
      0.0,
      0.014363233969030009,
      0.00935990169077863,
      0.002823358853871909,
      0.0,
      0.009882316270462974,
      0.0,
      0.0,
      0.01067792472210241,
      0.012833845710453526,
      0.0,
      0.0,
      0.010496006449227074,
      0.0,
      0.002064200133843024,
      0.01036811899322459,
      0.0,
      0.0,
      0.0011806100519245874,
      0.0,
      0.0,
      0.0,
      0.0032115817735439626,
      0.0,
      0.0,
      0.0,
      0.0,
      0.003954779513684893,
      0.0003360227245002345,
      0.0,
      0.01119660432518926
    ],
    "low_data": false
  },
  "500000": {
    "median": 0.0,
    "p90": 0.010556125841774048,
    "p10": 0.0,