{
  "100000": {
    "median": 2.2918932826920905e-05,
    "p90": 0.010680355370398936,
    "p10": 0.0,
    "sample": [
      2.2918932826920905e-05,
      1.052789615087425e-05,
      0.00028768593158233686,
      0.0,
      0.0,
      0.0,
      0.0,
      0.0022109668606672393,
      0.005976943792074648,
      0.0,
      0.0,
      0.00849819592557948,
      0.018111653332853295,
      0.002231971298296713,
      0.007568856514074445,
      0.009045487935772367,
      0.0,
      0.010619454979602448,
      0.021503993802607514,
      0.009926924822921046,
      0.0,
      0.008265519870829416,
      0.0,
      0.0,
      0.0015397098353821998,
      0.0,
      0.0,
      0.006150560967180551,
      0.0,
      0.0017632157912038488,
      0.0,
      0.0,
      0.0,
      0.0,
      0.0,
      0.0,
      0.0,
      0.0,
      0.0,
      0.0,
      0.0020422666070865634,
      0.014174645348235095,
      0.0,
      0.0,
      0.0,
      0.007141084827661776,
      0.001813267257606408,
      0.005011506979943313,
      0.016159130585681362,
      0.0,
      0.005353835946377348,
      0.0,
      0.0,
      0.0002686115432276643,
      0.0012384764619897484,
      0.016059933255078887,
      0.0038483468411048653,
      0.0,
      0.002612320562179152,
      0.007731156248114386,
      0.0015599431034700384,
      0.0,
      0.01955844893425754,
      0.0,
      0.0074480841702170755,
      0.015657558452533613,
      0.0,
      0.0,
      0.009357249302386088,
      0.0028559072721486473,
      0.0,
      0.011167629154944425,
      0.010923956933584889,
      0.011465244726856479,
      0.0,
      0.0076280309187726466,
      0.013277325178820229,
      0.0,
      0.005742194854077665,
      0.002699079055301913,
      0.0,
      0.0,
      0.0,
      0.006089567628271072,
      0.0034386686099918723,
      0.0,
      0.009216662810428813,
      0.000926136105287229,
      0.0,
      0.0,
      0.0,
      0.0,
      0.0,
      0.0,
      0.0,
      0.007773469826319946,
      0.0,
      0.0,
      0.0,
      0.0,
      0.0,
      0.002384898467452988,
      0.002590873249412487,
      0.0070420217296969095,
      0.0033358357858080975,
      0.007416587801271099,
      0.0,
      0.004266763547806516,
      0.004452632014591468,
      0.005181768684402927,
      0.0,
      0.0,
      0.001935377984067622,
      0.005067729693904043,
      0.0070494236072194795,
      0.0,
      0.011353356921836985,
      0.0,
      0.003844206368767529
    ],
    "low_data": false
  },
  "250000": {
    "median": 0.000324798460821137,
    "p90": 0.010818480199344872,
    "p10": 0.0,
    "sample": [
      5.228058030668303e-05,
      2.401527699098134e-05,
      0.000324798460821137,
      0.0,
      0.0,
      0.0,
      0.0,
      0.002363461418825546,
      0.00614611599575521,
      0.0,
      0.0,
      0.008643090742527502,
      0.018163959820405425,
      0.0022967885339943883,
      0.007632186255017599,
      0.00915525985018311,
      0.0,
      0.01072298429404439,
      0.021609285243504646,
      0.010045441992702813,
      0.0,
      0.008440531206646385,
      0.0,
      0.0,
      0.0017311566674252598,
      0.0,
      0.0,
      0.006273449586517342,
      0.0,
      0.0018338743770008143,
      0.0,
      0.0,
      0.0,
      0.0,
      0.0,
      0.0,
      0.0,
      0.0,
      0.0,
      0.0,
      0.002318100835432735,
      0.014264767617480443,
      0.0,
      0.0,
      0.0,
      0.007283451927063826,
      0.002002043577910699,
      0.00525184057816527,
      0.01627243226434388,
      0.0,
      0.005465985859470769,
      0.00016687248963942686,
      0.0,
      0.0005119333401284863,
      0.0016089610793355703,
      0.0163843442234343,
      0.004109258333295649,
      0.0,
      0.002801880324317668,
      0.007935708988122955,
      0.0017389158172074226,
      0.0,
      0.01970090486053675,
      0.0,
      0.0075855829031750135,
      0.015759594635220375,
      0.0,
      0.0,
      0.009515321667810231,
      0.0029843119430510478,
      0.0,
      0.011348105007292723,
      0.011200463820546798,
      0.011680173383612913,
      0.0,
      0.007818809116411909,
      0.01343453974042612,
      0.0,
      0.006035117698709677,
      0.0030969387350846564,
      3.636492893152924e-05,
      0.0,
      0.0,
      0.006468967305747382,
      0.003840618750812437,
      0.00135268979864303,
      0.009499655837529996,
      0.0011769902177149283,
      0.0,
      0.0,
      0.0,
      0.0,
      0.0,
      0.0,
      0.0,
      0.007898907367459006,
      0.0,
      0.0,
      0.0,
      0.0,
      0.0,
      0.0027319558451117123,
      0.0027420398415704214,
      0.007236361879493703,
      0.0034996672063708186,
      0.007633853783417833,
      0.0,
      0.004307954262822234,
      0.004551123534805497,
      0.005305591513275618,
      0.0,
      0.0,
      0.0021234899483905593,
      0.005361332196543788,
      0.007319923451862923,
      0.0,
      0.011528672092874746,
      0.0,
      0.0040582363172545505
    ],
    "low_data": false
  },
  "500000": {
    "median": 0.0004305301625891766,
    "p90": 0.01103139217787566,
    "p10": 0.0,
    "sample": [
      9.755901248564954e-05,
      4.481409146696076e-05,
      0.0003820294843625496,
      0.0,
      0.0,
      0.0,
      0.0,
      0.0025986224231251687,
      0.006406995503834459,
      0.0,
      0.0,
      0.008866532228458658,
      0.01824462136198893,
      0.00239674283024388,
      0.007729846693934813,
      0.009324538504769098,
      0.0,
      0.010882636270171591,
      0.02177165458497203,
      0.010228206656630667,
      0.0,
      0.008710415207699145,
      0.0,
      0.0,
      0.0020263857551838568,
      0.0,
      0.0,
      0.006462955438327697,
      0.0,
      0.001942836586531964,
      0.0,
      0.0,
      0.0,
      0.0,
      0.0,
      0.0,
      0.0,
      0.0,
      0.0,
      0.0,
      0.0027434632545346644,
      0.01440374466427772,
      0.0,
      0.0,
      0.0,
      0.007502995433920346,
      0.0022931544844694736,
      0.005622457674325163,
      0.01644715414861893,
      0.0,
      0.005638931612510598,
      0.0004305301625891766,
      0.0,
      0.0008871585207397545,
      0.0021802833333543718,
      0.01688461656131718,
      0.00451160848452664,
      0.0,
      0.003094199372142411,
      0.00825114862317353,
      0.0020149086369710017,
      0.0,
      0.01992058534682319,
      0.0,
      0.007797618929396669,
      0.015916944061228146,
      0.0,
      0.0,
      0.009759084177463654,
      0.003182324067095661,
      0.0,
      0.011626415808691925,
      0.011626863542733755,
      0.0120116136617843,
      0.0,
      0.00811300710680018,
      0.01367697943561437,
      7.275812123737303e-05,
      0.006486832377304679,
      0.003710475919611001,
      0.0004095007376058174,
      0.0,
      0.0,
      0.00705403742407686,
      0.004460463812402196,
      0.004292920176941651,
      0.009936057800109007,
      0.0015638309399258078,
      0.0,
      0.0,
      0.0,
      0.0,
      0.0,
      0.0,
      0.0,
      0.008092343897308904,
      0.0,
      0.0002998871034227352,
      0.0,
      0.0,
      0.0,
      0.0032671510839811157,
      0.0029751529969363204,
      0.0075360527363602815,
      0.0037523107227077643,
      0.007968898437986621,
      0.0,
      0.004371474233815954,
      0.004703006756661083,
      0.005496538004380529,
      0.0,
      0.0,
      0.002413576355310301,
      0.005814094971947025,
      0.007737059747724764,
      0.0,
      0.011799024636520277,
      0.0,
      0.004388290702435658
    ],
    "low_data": false
  },
  "1000000": {
    "median": 0.001105796777239571,
    "p90": 0.011373598339143424,
    "p10": 0.0,