{
  "100000": {
    "median": 0.0,
    "p90": 0.013411333974507215,
    "p10": 0.0,
    "sample": [
      2.2918932826920905e-05,
      1.052789615087425e-05,
      0.0,
      0.0,
      0.0,
      0.0,
      0.01186210466475979,
      0.0,
      0.014163944740850089,
      0.018250052043018033,
      0.002999957016278149,
      0.0,
      0.005357702046287094,
      0.0,
      0.0,
      0.0,
      0.0003195873542431939,
      0.0019611175905510296,
      0.005454001699936254,
      0.0,
      0.005224025644445845,
      0.0,
      0.0,
      0.0,
      0.0,
      0.004157208283934933,
      0.0,
      0.0,
      0.0,
      0.0,
      0.0,
      0.015405794895885122,
      0.022574911262721153,
      0.0,
      0.0,
      0.0,
      0.01740122723542788,
      0.013654316580491687,
      0.0,
      0.0,
      0.011042226191926045,
      0.0008103906905979683,
      0.0,
      0.0,
      0.010115328535123428,
      0.0,
      0.007815694788209088,
      0.0014124382498309324,
      0.006133858422640095,
      0.0013472197474566376,
      0.0,
      0.0,
      0.0,
      0.003410351726763812,
      0.014402070953944461,
      0.011117843781264297,
      0.011780774612833115,
      0.01625437808360862,
      0.0,
      0.0,
      0.0,
      0.006995168942122547,
      0.0,
      0.013667776122952188,
      0.00023310591481960234,
      9.379825040219927e-05,
      0.0,
      0.013398310688864417,
      0.0007947680742580455,
      0.0,
      0.001975888700395426,
      0.0,
      0.012317934614571981,
      0.015501152665485633,
      0.009032233982225224,
      0.0,
      0.0,
      0.0,
      0.0,
      0.0,
      0.0030687991552511484,
      0.0012740593698348627,
      0.0,
      0.0,
      0.005516170127919251,
      0.00266279676562943,
      0.003140516755564264,
      0.0,
      0.0,
      0.0,
      0.0,
      0.0,
      0.0,
      0.007650530323047165,
      0.0012738287057661676,
      0.003066178105205849,
      0.021488020208427636,
      0.00665066603332789,
      0.0,
      0.0013506836052158593,
      0.0,
      0.0023527772931551225,
      0.009911611029005904,
      0.003602870894294956,
      0.006247339036196497,
      0.0,
      0.010364061410564219,
      0.0,
      0.0,
      0.0069097028420851934,
      0.0,
      0.0,
      0.0,
      0.0,
      0.0,
      0.010188227226646033,
      0.0,
      0.01346342711707841,
      0.0
    ],
    "low_data": false
  },
  "250000": {
    "median": 0.0,
    "p90": 0.013534999882587105,
    "p10": 0.0,
    "sample": [
      5.228058030668303e-05,
      2.401527699098134e-05,
      0.0,
      0.0,
      0.0,
      0.0,
      0.012004863591667992,
      0.0,
      0.014333116944530652,
      0.01841162746468442,
      0.003144337534738747,
      0.0,
      0.005410008533839224,
      0.0,
      0.0,
      0.0,
      0.00040691773868132403,
      0.00206464690499297,
      0.0055592931408333865,
      0.0,
      0.005344867125478397,
      0.0,
      0.0,
      0.0,
      0.0,
      0.004340514572254714,
      0.0,
      0.0,
      0.0,
      0.0,
      0.0,
      0.015596950642927961,
      0.022677337344779957,
      0.0,
      0.0,
      0.0,
      0.01755622004860148,
      0.013737965489523172,
      0.0,
      0.0,
      0.011318060420272216,
      0.0009005129598433161,
      0.0,
      0.0,
      0.010250946228373364,
      0.0,
      0.008004471108513378,
      0.0016527718480528898,
      0.006247160101302613,
      0.001631004348164294,
      0.0,
      0.0,
      0.0,
      0.0036536735236646343,
      0.014772555571290282,
      0.01144225474961971,
      0.012041686105023897,
      0.016371945069829835,
      0.0,
      0.0,
      0.0,
      0.007248135577667142,
      0.0,
      0.01384508044441588,
      0.0003706046477775409,
      0.0001958344330889604,
      0.0,
      0.013513188795299842,
      0.0009528404396821892,
      0.0,
      0.0020105384952647724,
      0.0,
      0.012594441501533889,
      0.015716081322242066,
      0.009158415022110986,
      0.0,
      0.0,
      0.0,
      0.0,
      0.0,
      0.0033107660597823485,
      0.0015119480302147419,
      0.0,
      0.0,
      0.005918120268739815,
      0.00456944422938581,
      0.0034235097826654454,
      0.0,
      0.0,
      0.0,
      0.0,
      0.0,
      0.0,
      0.00801625414599458,
      0.0014261735240941606,
      0.0031916156463449082,
      0.021666832982894717,
      0.006873571627157568,
      0.0,
      0.0015939512907679296,
      0.0,
      0.0026998346708138467,
      0.01006277762116384,
      0.0037972110440917493,
      0.006411170456759218,
      0.0,
      0.010372055129369413,
      0.0,
      0.0,
      0.007033525670957885,
      0.0,
      0.0,
      0.0,
      0.0,
      0.0,
      0.010414283789662632,
      0.0,
      0.013622244231736151,
      0.00013356525582074505
    ],
    "low_data": false
  },
  "500000": {
    "median": 3.3538190863248007e-06,
    "p90": 0.013725665344769464,
    "p10": 0.0,
    "sample": [
      9.755901248564954e-05,
      4.481409146696076e-05,
      0.0,
      0.0,
      0.0,
      0.0,
      0.012225011333527856,
      0.0,
      0.0145939964526099,
      0.018660792017754953,
      0.003366985923852067,
      0.0,
      0.005490670075422728,
      0.0,
      0.0,
      0.0,
      0.0005415894355495062,
      0.0022242988811201716,
      0.005721662482300771,
      0.0,
      0.0055312160967719735,
      0.0,
      0.00031778394814183856,
      0.0,
      0.0,
      0.004623190173117578,
      0.0,
      0.0,
      0.0,
      0.0,
      0.0,
      0.01589173085013754,
      0.022835288032426262,
      0.0,
      0.0,
      0.0,
      0.017795233597972145,
      0.013866960003779813,
      0.0,
      0.0,
      0.011743422839374145,
      0.0010394900066405927,
      0.0,
      0.0,
      0.010460081513793486,
      0.0,
      0.008295582015072153,
      0.0020233889442127827,
      0.006421881985577665,
      0.0020686269919697295,
      0.0,
      0.0,
      0.0,
      0.004028898704275903,
      0.015343877825309084,
      0.01194252708750259,
      0.012444036256254887,
      0.01655324446100916,
      0.0,
      0.0,
      0.0,
      0.0076382340099483016,
      0.0,
      0.01411850044579574,
      0.0005826406739991963,
      0.00035318385909673355,
      0.0,
      0.013690341680016878,
      0.0011966029493356118,
      0.0,
      0.002063971749924212,
      0.0,
      0.013020841223720847,
      0.016047521600413454,
      0.009352998097215232,
      0.0,
      0.0,
      0.0,
      0.0,
      0.0,
      0.0036839018684566367,
      0.0018787948014178822,
      0.0,
      0.0,
      0.006537965330329574,
      0.007509674607684431,
      0.003859911745244457,
      0.0,
      0.0,
      0.0,
      3.3538190863248007e-06,
      0.0,
      0.0,
      0.008580234805627886,
      0.001661103615439869,
      0.0033850521761948065,
      0.021942579161205084,
      0.007217313095325727,
      0.0,
      0.0019690930265712637,
      0.0,
      0.00323502990968325,
      0.010295890776529738,
      0.004096901900958327,
      0.006663813973096164,
      0.0,
      0.010384382198381057,
      0.0,
      0.0,
      0.0072244721620627955,
      0.0,
      0.0,
      0.0,
      0.0,
      0.0,
      0.010762884349771264,
      0.0,
      0.013867155215012764,
      0.00046361964100185226
    ],
    "low_data": false
  },
  "1000000": {
    "median": 0.0002063474834100474,
    "p90": 0.014038270977360004,
    "p10": 0.0,