{
  "100000": {
    "median": 0.0,
    "p90": 0.010465561160531696,
    "p10": 0.0,
    "sample": [
      2.2918932826920905e-05,
      1.052789615087425e-05,
      0.003231750333386178,
      0.016684334083556435,
      0.0,
      0.006707197952633769,
      0.005923752351723145,
      0.0,
      0.0,
      0.0,
      0.0,
      0.0,
      0.0,
      0.0047275082860405325,
      0.0,
      0.002478129138873474,
      0.011603324612217141,
      0.0,
      0.030061744798599126,
      0.0,
      0.005869417186920418,
      0.002851744500052845,
      0.0,
      0.0,
      0.0,
      0.0022492197190632462,
      0.0,
      0.006045350958381118,
      0.005697248159106823,
      0.0037378841015635756,
      0.0,
      0.014636324149080981,
      0.005215233172501376,
      0.008016698957496297,
      0.0,
      0.0,
      0.0,
      0.0,
      0.011459534013922636,
      0.006152195652004889,
      0.0,
      0.0006636275044680507,
      0.019040985481834884,
      0.0024455767481069376,
      0.007253378535880762,
      0.010833569003100726,
      0.0037891846329082797,
      0.02396283614566759,
      0.0,
      0.009857388697285032,
      0.0,
      0.0029035685450664235,
      0.0,
      0.0,
      0.0,
      0.005260916829651204,
      0.0,
      0.0,
      0.0,
      0.0,
      0.0,
      0.0,
      0.006292730215020402,
      0.016272356411373208,
      0.0,
      0.0,
      0.0,
      0.0,
      0.0,
      0.0,
      0.0,
      0.027862628154874534,
      0.0009962735757217565,
      0.0,
      0.0,
      0.0,
      0.0,
      0.0,
      0.0029223106970920325,
      0.005423097529164757,
      0.0015833019846843528,
      0.0,
      0.0031478341935808935,
      0.0,
      0.0006471326339559753,
      0.0007184297837807551,
      0.0160371043670094,
      0.0,
      0.011149039524045236,
      0.0019326696168201463,
      0.0011821264840576216,
      0.0003837658231799332,
      0.0,
      0.0,
      0.0,
      0.0,
      0.0,
      0.0,
      0.0035346566951000124,
      0.0,
      0.0015989966900778027,
      0.0,
      0.004608006265095825,
      0.0,
      0.0038782232999427188,
      0.0,
      0.0,
      0.00175841123789417,
      0.0,
      0.0,
      0.0,
      0.0,
      0.0,
      0.010465561160531696,
      0.0,
      0.0,
      0.0,
      0.005546930586172737,
      0.0,
      2.4821930248648726e-05,
      0.004685371961026206
    ],
    "low_data": false
  },
  "250000": {
    "median": 0.0,
    "p90": 0.010759163663171442,
    "p10": 0.0,
    "sample": [
      5.228058030668303e-05,
      2.401527699098134e-05,
      0.003268862862624978,
      0.01673142539734451,
      0.0,
      0.00674142909964078,
      0.0060665112786313456,
      0.0,
      0.0,
      0.0,
      0.0,
      0.0,
      0.0,
      0.004792325521738208,
      0.0,
      0.0025879010532842174,
      0.01169065499665527,
      0.0,
      0.030167036239496257,
      0.0,
      0.005990258667952971,
      0.003026755835869813,
      0.0,
      0.0,
      0.0,
      0.002432526007383028,
      0.0,
      0.006168239577717909,
      0.005842172339510242,
      0.003808542687360541,
      0.0,
      0.01482747989612382,
      0.00531765925456018,
      0.008073531652436744,
      0.0,
      0.0,
      0.0,
      0.0,
      0.011590009969233534,
      0.00634535128382112,
      0.0,
      0.0007537497737133985,
      0.019295927917081495,
      0.0025503154248524285,
      0.007388996229130697,
      0.010975936102502776,
      0.003977960953212571,
      0.024203169743889547,
      0.0,
      0.01014117329799269,
      0.0,
      0.0030745423017964797,
      0.0,
      0.0,
      0.0,
      0.005585327798006619,
      0.0,
      0.0,
      0.0,
      0.0,
      0.0,
      0.0,
      0.006435186141299613,
      0.016449660732836904,
      0.0,
      0.0,
      0.0,
      0.0,
      0.0,
      0.0,
      0.0,
      0.02804310400722283,
      0.001272780462683665,
      0.0,
      0.0,
      0.0,
      0.0,
      0.0,
      0.0032152335417240446,
      0.005820957208947501,
      0.0018252688892155529,
      0.0,
      0.003401324457317498,
      0.0,
      0.0010490827747765398,
      0.0026250772475371344,
      0.01632009739411058,
      0.0,
      0.01137548100858158,
      0.002181728510718314,
      0.0013017408547836553,
      0.0005025100629984786,
      0.0,
      0.0,
      0.0,
      3.684052272994256e-05,
      0.0,
      0.0,
      0.0037998125872757936,
      0.0,
      0.0018744612695068856,
      0.0,
      0.00475917285725376,
      0.0,
      0.00404205472050544,
      0.0,
      0.0,
      0.001799601952909888,
      0.0,
      0.0,
      0.0,
      0.0,
      0.0,
      0.010759163663171442,
      0.0,
      0.0,
      0.0,
      0.00570574770083048,
      0.0,
      0.00016942354530407694,
      0.004921610594774515
    ],
    "low_data": false
  },
  "500000": {
    "median": 0.0,
    "p90": 0.011195479609359295,
    "p10": 0.0,
    "sample": [
      9.755901248564954e-05,
      4.481409146696076e-05,
      0.0033260938861663907,
      0.016804044648666878,
      0.0,
      0.006794216759775774,
      0.0062866590204912086,
      0.0,
      0.0,
      0.0,
      0.0,
      0.0,
      0.0,
      0.0048922798179876995,
      0.0,
      0.002757179707870204,
      0.011825326693523453,
      0.0,
      0.030329405580963642,
      0.0,
      0.006176607639246547,
      0.003296639836922574,
      0.0,
      0.0,
      0.0,
      0.0027152016082458907,
      0.0,
      0.006357745429528264,
      0.006065659106661554,
      0.003917504896891691,
      0.0,
      0.0151222601033334,
      0.005475609942206485,
      0.008161173033090966,
      0.0,
      7.641714440815569e-05,
      0.0,
      0.0,
      0.011791216209367104,
      0.0066432155021421396,
      0.0,
      0.0008927268205106752,
      0.01968907321902038,
      0.0027118323518165637,
      0.007598131514550821,
      0.011195479609359295,
      0.004269071859771345,
      0.02457378684004944,
      0.0,
      0.010578795941798124,
      0.0,
      0.0033381999747462295,
      0.0,
      0.0,
      0.0,
      0.006085600135889498,
      0.0003628839321738732,
      0.0,
      0.0,
      0.0,
      0.0,
      0.0,
      0.006654866627586052,
      0.01672308073421676,
      0.0,
      0.0,
      0.0,
      0.0,
      0.0,
      0.0,
      0.0,
      0.028321414808622034,
      0.0016991801848706225,
      0.0,
      0.0,
      0.0,
      0.0,
      0.0,
      0.0036669482203190466,
      0.006434494393473845,
      0.002198404697889841,
      0.0,
      0.003792230373701695,
      0.0,
      0.0016689278363662993,
      0.005565307625835756,
      0.016756499356689592,
      0.0,
      0.01172467515401059,
      0.0025658008364864574,
      0.0014861975061442943,
      0.000685624890358653,
      0.0,
      0.0,
      0.0,
      0.00023027705257984128,
      0.0,
      0.0,
      0.004208708003958717,
      0.0,
      0.0022992536550834834,
      0.0,
      0.004992286012619659,
      0.0,
      0.0042946982368423856,
      0.0,
      0.0,
      0.001863121923903608,
      0.0,
      0.0,
      0.0,
      0.0,
      0.0,
      0.011211926438574677,
      0.0,
      0.0,
      0.0,
      0.0059506586841070915,
      0.0,
      0.0003924128862383367,
      0.005285912869147817
    ],
    "low_data": false
  },
  "1000000": {
    "median": 0.0,
    "p90": 0.011605162279308938,
    "p10": 0.0,