{
  "100000": {
    "median": 8.146214439105203e-05,
    "p90": 0.013063066984772664,
    "p10": 0.0,
    "sample": [
      1.8446338906850974e-05,
      4.87010092956857e-05,
      0.0,
      0.010879616558299122,
      0.0,
      0.0,
      0.0022662944253089906,
      0.0,
      0.0,
      0.003101075690083792,
      0.006786383163896609,
      0.0009672972651886354,
      0.006960607066054288,
      0.010269845421582092,
      0.015990077544677,
      0.011161579763595435,
      0.018040729845203246,
      0.0,
      0.008926231330950307,
      0.0,
      0.0,
      0.01263681920513332,
      0.0,
      0.0,
      0.009169267881171422,
      0.0,
      0.007184652277765975,
      0.004217722850817891,
      0.0,
      0.007793436679331265,
      0.0,
      0.008415029070680513,
      0.01089173645009059,
      0.0,
      0.0,
      0.0011099933814927583,
      0.0,
      0.0,
      0.0,
      0.0,
      0.0218162586970107,
      0.0,
      0.0,
      0.0,
      0.0,
      0.009837794220693103,
      0.007947625685243327,
      0.0,
      0.0,
      0.013060474041103562,
      0.0,
      0.006116082575864493,
      0.010840261016788295,
      0.0,
      0.0,
      0.0010475996183434391,
      0.0038650162067611353,
      0.0,
      0.003918351855448323,
      0.0,
      0.0,
      0.003558070585786015,
      0.0,
      0.0,
      0.010891134459364573,
      0.00011422327948641835,
      0.0,
      0.0,
      0.0022740367944911583,
      0.0,
      0.002393937116184734,
      0.0,
      0.0,
      0.0010402339009474104,
      0.0,
      0.0,
      0.02421805393217764,
      0.01159651180299939,
      0.03243138842918979,
      0.0,
      0.012146760050274444,
      0.0010022798333491636,
      0.0,
      0.0,
      0.0,
      0.0,
      0.001861950186400557,
      0.0038656721138454584,
      0.0,
      0.0,
      0.006379257157754111,
      0.012246258029636269,
      0.0018518714192105954,
      0.005799739593336411,
      0.006549512423494232,
      0.0,
      0.007571989754549315,
      0.015127232873184984,
      0.00738426731417744,
      0.0,
      0.006482828648705679,
      0.0,
      0.0,
      0.001683827934673956,
      0.0,
      0.0,
      0.011267554037565634,
      0.0,
      0.002444950417725275,
      0.0,
      0.0,
      0.0,
      0.0,
      0.0,
      0.0,
      0.0,
      0.0,
      0.0,
      0.0,
      0.0035949245752334583,
      0.021223750495573793,
      0.0,
      0.0,
      0.0,
      0.011085747208749065,
      0.0018934082165702904,
      0.0057354961758025146,
      0.0183094319140131,
      0.0,
      0.007330818742158681,
      0.00018622401458032704,
      0.0,
      0.00039410402876251596,
      0.0017149931376393766,
      0.022620147792758644,
      0.0062407857236237985,
      0.0,
      0.004501129145845277,
      0.01223069756813011,
      0.0025943818078862668,
      0.0,
      0.029648428822118645,
      0.0,
      0.010220189643346757,
      0.025882589757342662,
      0.0,
      0.0,
      0.01463359142525563,
      0.004524854513506729,
      0.0,
      0.01905162931664661,
      0.020260370917015682,
      0.02076493294872573,
      0.0,
      0.014092465248305371,
      0.022100329987477615,
      0.0,
      0.008578715340953419,
      0.003992028520718804,
      0.0,
      0.0,
      0.0,
      0.01008313391214937,
      0.006836511451375845,
      0.005052012073854945,
      0.012585944191201659,
      0.003033682937746672,
      0.0,
      0.0,
      0.0,
      0.0,
      0.0,
      0.0,
      0.0,
      0.010311376859560205,
      0.0,
      0.0,
      0.0,
      0.0,
      0.0,
      0.00459085141127852,
      0.004943885958761558,
      0.013069117186667237,
      0.006986461749501236,
      0.014281684583882792,
      0.0,
      0.006133674711760025,
      0.006430683438753856,
      0.007425796245717941,
      0.0,
      0.0,
      0.0029395998093591905,
      0.007284636298765227,
      0.010027176456474942,
      0.0,
      0.015129468363305027,
      0.0,
      0.00555132614585662
    ],
    "low_data": false
  },
  "250000": {
    "median": 0.0006577232982229071,
    "p90": 0.014123004189032605,
    "p10": 0.0,