{
  "100000": {
    "median": 3.3573674101268334e-05,
    "p90": 0.012765318585783307,
    "p10": 0.0,
    "sample": [
      1.8446338906850974e-05,
      4.87010092956857e-05,
      0.002664851531787095,
      0.001389064105775308,
      0.00879815306324073,
      0.007485121547879599,
      0.0,
      0.013775392110579873,
      0.012707104208096223,
      0.007135170911058736,
      0.009791477904951164,
      0.0,
      0.02644826962140546,
      0.0,
      0.0,
      0.002837827680327641,
      0.0,
      0.014551358491986306,
      0.024670111874941142,
      0.008513471319484532,
      0.0,
      0.009919888371099856,
      0.003452791841822454,
      0.014316320973549373,
      0.0,
      0.00037913509302373364,
      0.0,
      0.013289247984967103,
      0.007431769137843092,
      0.005459665006818408,
      0.009216458625133192,
      0.004968494164613476,
      0.0,
      0.002196776130627504,
      0.004845612683687718,
      0.004070154010224286,
      0.0,
      0.0,
      0.0,
      0.0022809061593782784,
      0.007382836936269002,
      0.0,
      0.0,
      0.009836190684268194,
      0.011057831178694869,
      0.0008583260348119057,
      0.009530836527245566,
      0.019550636177930146,
      0.01439346645535897,
      0.0,
      0.0036705476948375227,
      0.0,
      0.004623600974407134,
      0.010970074423387073,
      0.0,
      0.011238116047086357,
      0.0,
      0.0,
      0.0,
      0.0,
      0.005883205346798987,
      0.0,
      0.0,
      0.0,
      0.0,
      0.0,
      0.004032598097697876,
      0.0,
      0.0005040411094798873,
      0.007943554756918006,
      0.003857624006439206,
      0.0,
      0.0,
      0.0,
      0.0,
      0.0,
      0.0009173412649647958,
      0.0,
      0.0014521119341975913,
      0.0,
      0.008494016750052142,
      0.004715979796183421,
      0.010624200968185957,
      0.0,
      0.005263975351536831,
      0.0038910157360434816,
      0.0,
      0.0,
      0.0,
      0.0,
      0.0,
      0.0,
      0.0036534297439398877,
      0.0,
      0.0019172178307855193,
      0.008840035195560536,
      0.0,
      0.021104266636120205,
      0.0,
      0.004296433681339904,
      0.002313758829276143,
      0.0,
      0.0,
      0.0,
      0.0024995486263777377,
      0.0,
      0.011074499755516182,
      0.010553058011691277,
      0.005012497480504358,
      0.0,
      0.01919255628788361,
      0.007672916628395478,
      0.012063369935839533,
      0.0,
      0.0,
      0.0,
      0.0,
      0.01646338023417724,
      0.009069724624141134,
      0.0,
      0.0013753476200296533,
      0.029357401735830277,
      0.0039595350811790645,
      0.011881243223080425,
      0.01678767405046293,
      0.003963664371503812,
      0.027125825343944573,
      0.0,
      0.014850836734726992,
      0.0,
      0.004344520689257977,
      0.0,
      0.0,
      0.0,
      0.007505964340385647,
      0.0,
      0.0,
      0.0,
      0.0,
      0.0,
      0.0,
      0.009639893211169929,
      0.025417115719982286,
      0.0,
      0.0,
      0.0,
      0.0,
      0.0,
      0.0,
      0.0,
      0.04744050949049908,
      0.00237154626534213,
      0.0,
      0.0,
      0.0,
      0.0,
      0.0,
      0.004344867334846146,
      0.00806381340745027,
      0.002644958205013064,
      0.0,
      0.0055787074439016,
      0.0,
      0.002291457977888844,
      0.0068772734977081,
      0.021760413162688872,
      0.0,
      0.015398971652056186,
      0.0035378464798319228,
      0.0022636978980006663,
      0.001265872107784334,
      0.0,
      0.0,
      0.0,
      0.0008253749228426834,
      0.0,
      0.0,
      0.005138231388047838,
      0.0,
      0.0034459780128694092,
      0.0,
      0.008306714687962295,
      0.0,
      0.00797971704597209,
      0.0,
      0.0,
      0.0029628767093514237,
      0.0,
      0.0,
      0.0,
      0.0,
      0.0,
      0.014731479536941268,
      0.0,
      0.0,
      0.0,
      0.007848709669419484,
      0.0,
      0.0004667499908829508,
      0.006335772381158459
    ],
    "low_data": false
  },
  "250000": {
    "median": 0.0005471264249602922,
    "p90": 0.013617762147370835,
    "p10": 0.0,