{
  "100000": {
    "median": 0.0,
    "p90": 0.015904806891305186,
    "p10": 0.0,
    "sample": [
      1.8446338906850974e-05,
      4.87010092956857e-05,
      0.0024491601789342716,
      0.0,
      0.010393030320842607,
      0.0,
      0.0,
      0.016216045825291615,
      0.00928048162070169,
      0.018115117132652323,
      0.0,
      0.0,
      0.0,
      0.0,
      0.012249249909593975,
      0.0,
      0.015502312901952697,
      0.0,
      0.0040640304801864095,
      0.0,
      0.007628617301626504,
      0.0,
      0.009491223988983853,
      0.006527967914723878,
      0.007028570804525439,
      0.004553806442684721,
      0.0,
      0.0,
      0.010682506223371144,
      0.0,
      0.014536577939198577,
      0.0,
      0.001771914954280423,
      0.0,
      0.0,
      0.0019320950912034183,
      0.0032307059715807333,
      0.012915695290482308,
      0.0,
      0.010706952682494358,
      0.0,
      0.0,
      0.022614573413934153,
      0.0,
      0.0,
      0.012627071348714668,
      0.006405575845131388,
      0.0,
      0.0,
      0.009733182563394168,
      0.0,
      0.012119273573355877,
      0.0,
      0.0,
      0.0,
      0.0,
      0.010769522178407513,
      0.0,
      0.0,
      0.0,
      0.0,
      0.009441078847664644,
      0.0,
      0.0,
      0.0,
      0.0,
      0.013184224526439992,
      0.0025714495989803735,
      0.0027680582998550925,
      0.0,
      0.0,
      0.0,
      0.00032663881177376125,
      0.01456982245147012,
      0.0,
      0.00247206119125802,
      0.008443122068476382,
      0.0033627586081454402,
      0.0,
      0.0,
      0.0007788886543149921,
      0.0,
      0.0,
      0.0,
      0.0,
      0.007711706028954389,
      0.0,
      0.008591121731486481,
      0.012185228988575684,
      0.0024786555957299807,
      0.0,
      0.0038642076862657796,
      5.420331077622849e-06,
      0.0,
      0.0,
      0.000593924119510317,
      0.0016270818238688727,
      0.003917354864647066,
      0.0,
      0.003845787682116319,
      0.0,
      0.0001797314907828148,
      0.0,
      0.0,
      0.004418957747948286,
      0.0,
      0.0,
      0.0,
      0.0,
      0.0,
      0.020174920478942836,
      0.03177476454217361,
      0.0,
      0.0,
      0.0,
      0.0228996986750262,
      0.019240700458203173,
      0.0,
      0.0,
      0.01657833404589909,
      0.0015909505360563623,
      0.0,
      0.0,
      0.016529784512860888,
      0.0,
      0.008182417410527167,
      0.0016732341485507353,
      0.007138243210694429,
      0.002039050804408841,
      0.0,
      0.0,
      0.0,
      0.004498205391152269,
      0.020692810437785557,
      0.015703254253325305,
      0.01915556917152535,
      0.02470039712969852,
      0.0,
      0.0,
      0.0,
      0.010991851406475055,
      0.0,
      0.021390965358008267,
      0.00021503707136215063,
      0.00014960118014167926,
      0.0,
      0.02049439878867942,
      0.0012342055514247988,
      0.0,
      0.0036280291883806965,
      0.0,
      0.02277219783621066,
      0.027975270043308645,
      0.015771418776739567,
      0.0,
      0.0,
      0.0,
      0.0,
      0.0,
      0.004886431068048622,
      0.0019671783929448693,
      0.0,
      0.0,
      0.010219006096362976,
      0.009666500984089521,
      0.004412659077015137,
      0.0001404869703348487,
      0.0,
      0.0,
      0.00041589565744560046,
      0.0,
      0.0,
      0.009965568017693091,
      0.0021407414301356105,
      0.004631778954192676,
      0.029457210916101654,
      0.009778376824193568,
      0.0,
      0.002634282541260329,
      0.0,
      0.004533370145055933,
      0.0171485284551921,
      0.006832040163754135,
      0.01231819588566467,
      0.0,
      0.013777676270998213,
      0.0,
      0.0,
      0.009731665675172372,
      0.0,
      0.0,
      0.0,
      0.0,
      0.0,
      0.01670436152847489,
      0.0,
      0.01796098675677016,
      0.0003202863728264169
    ],
    "low_data": false
  },
  "250000": {
    "median": 0.00018908287461000316,
    "p90": 0.016598839944815237,
    "p10": 0.0,