{
  "100000": {
    "median": 0.0,
    "p90": 0.012825891936298432,
    "p10": 0.0,
    "sample": [
      5.431920107079363e-05,
      6.167504918708187e-05,
      0.01091785748760399,
      0.0,
      0.0,
      0.0,
      0.0009466411381296505,
      0.0,
      0.0,
      0.0,
      0.0,
      0.03522600582568264,
      0.0296064784726646,
      0.0012958381533897,
      0.0,
      0.0,
      0.01689075311158078,
      0.0011720010764004367,
      0.005007291332811843,
      0.0013696714866202084,
      0.009810392677598983,
      0.008348750353468439,
      0.0,
      0.013910551198862503,
      0.013192028488816687,
      0.008574291769546537,
      0.011801063235135616,
      0.0,
      0.027691913056722764,
      0.0,
      0.0,
      0.0020225512304021427,
      0.0,
      0.014097972201611299,
      0.024544835284413688,
      0.008496339867370976,
      0.0,
      0.014596785776625003,
      0.005138435893496205,
      0.02232336468517545,
      0.0,
      0.0,
      0.0,
      0.024669720635337226,
      0.012268441852831864,
      0.008613508476469443,
      0.01639544039625738,
      0.009272224508788163,
      0.0,
      0.0038333283401671804,
      0.008889723309595983,
      0.0071718550877412695,
      0.0,
      0.0,
      0.0,
      0.0030031333974740405,
      0.006972176885818897,
      0.0,
      0.0,
      0.00883571708974454,
      0.0093600365399119,
      0.000604795528290563,
      0.006263167002154947,
      0.013114743961557889,
      0.009256155064058275,
      0.0,
      0.0025271560277283396,
      0.0,
      0.0044626511803004115,
      0.010313134655744714,
      0.0,
      0.010875217529138857,
      0.0,
      0.0,
      0.0,
      0.0,
      0.005827092352161171,
      0.0,
      0.0,
      0.0,
      0.0,
      0.0,
      0.0037378742929529405,
      0.0,
      0.0005678974816189053,
      0.0072871739797495255,
      0.0028004100196485785,
      0.0,
      0.0,
      0.0,
      0.0,
      0.0,
      0.0006197591788387304,
      0.0,
      0.0014238787275769095,
      0.0,
      0.006117884485719281,
      0.003487623261087869,
      0.008423661646525794,
      0.0,
      0.0037458793301765503,
      0.002776800727470737,
      0.0,
      0.0,
      0.0,
      0.0,
      0.0,
      0.0,
      0.0029646877971226367,
      0.0,
      0.001472280835485282,
      0.00682402838744749,
      0.0,
      0.017603622946394153,
      0.0,
      0.0041516474118382905,
      0.002614656745776626,
      0.0,
      0.0,
      0.0,
      0.002665381802942464,
      0.0,
      0.008521261657509894,
      0.008117349231408711,
      0.004076593539271741,
      0.0,
      0.015841798199088677,
      0.006159558356265113,
      0.00941659433839457,
      0.0,
      0.0,
      0.0,
      0.0,
      0.013064799114926941,
      0.006477409874644084,
      0.0,
      0.0006922121631578671,
      0.014660010795429657,
      0.002319653921620067,
      0.006992490865365208,
      0.01057811252957431,
      0.00369287523676438,
      0.021478471928222914,
      0.0,
      0.01148750897288479,
      0.0,
      0.003190127143721845,
      0.0,
      0.0,
      0.0,
      0.0060459579397580355,
      0.0,
      0.0,
      0.0,
      0.0,
      0.0,
      0.0,
      0.007163068284194607,
      0.015180541177565622,
      0.0,
      0.0,
      0.0,
      0.0,
      0.0,
      0.0,
      0.0,
      0.02755540771294935,
      0.001070729987525377,
      0.0,
      0.0,
      0.0,
      0.0,
      0.0,
      0.0027725773185534523,
      0.004717318402649603,
      0.00158756266393079,
      0.0,
      0.0034509331334251106,
      0.0,
      0.0008449791563471896,
      0.0,
      0.02009984090726237,
      0.0,
      0.013206174885001304,
      0.0023611933702525805,
      0.00142392141963992,
      0.0005746819028547572,
      0.0,
      0.0,
      0.0,
      0.00021074957680732972,
      0.0,
      0.0,
      0.004045591091720066,
      0.0,
      0.0020386708289268363,
      0.0,
      0.004352631903765904,
      0.0,
      0.0034487348889503636,
      0.0,
      0.0002746739079384963,
      0.001249153615702635,
      0.0,
      0.0,
      0.0,
      0.0,
      3.6401925799640325e-05,
      0.0063556689795710684,
      0.0,
      0.0,
      0.0,
      0.002859605257427017,
      0.0
    ],
    "low_data": false
  },
  "250000": {
    "median": 0.0003125624146522767,
    "p90": 0.013052954426112599,
    "p10": 0.0,