{
  "100000": {
    "median": 0.0,
    "p90": 0.011255958577858063,
    "p10": 0.0,
    "sample": [
      5.431920107079363e-05,
      6.167504918708187e-05,
      0.0020768425368220835,
      0.0,
      0.0,
      0.0,
      0.0,
      0.0,
      0.0,
      0.011290931417398356,
      0.0,
      0.004870411590313546,
      0.0,
      0.010961603336300016,
      0.0,
      0.0,
      0.0,
      0.0,
      0.0,
      0.01023934384108029,
      0.0,
      0.0,
      0.0022175053272496725,
      0.0,
      0.0,
      0.0036624182153953454,
      0.00814832454611606,
      0.0010657384380127585,
      0.007153205500998636,
      0.010153432421005715,
      0.013441820884293618,
      0.009010826341374557,
      0.015242592500369505,
      0.0,
      0.008871352709347195,
      0.0,
      0.0,
      0.018671688770516538,
      0.0,
      0.0,
      0.014961996813673765,
      0.0,
      0.012696694811635942,
      0.007602022639227123,
      0.0,
      0.012441541302441657,
      0.0,
      0.015837011047001765,
      0.017648442538033677,
      0.0,
      0.0,
      0.001747281419751724,
      0.0,
      0.0,
      0.0,
      0.0,
      0.020870531160262797,
      0.0,
      0.0,
      0.0,
      0.0,
      0.008200359547387128,
      0.005198267708087547,
      0.0,
      0.0,
      0.009242014528035383,
      0.0,
      0.005446293670999681,
      0.01064946215531049,
      0.0,
      0.0,
      0.0010561016673766772,
      0.0038567097017176135,
      0.0,
      0.0035782908962608056,
      0.0,
      0.0,
      0.0034742731670692386,
      0.0,
      0.0,
      0.01139746473790841,
      0.00018188389977848727,
      0.0,
      0.0,
      0.002255854114642261,
      0.0,
      0.0014820178252741853,
      0.0,
      0.0,
      0.0007322190493525608,
      0.0,
      0.0,
      0.019141067090059038,
      0.009969439732863003,
      0.028945649410427914,
      0.0,
      0.0088215204010934,
      0.0007671359558252278,
      0.0,
      0.0,
      0.0,
      0.0,
      0.0012934496714323246,
      0.0033836205046670047,
      0.0,
      0.0,
      0.004659699461684297,
      0.0092669498996902,
      0.001586214886233434,
      0.004437993815927815,
      0.005089595294503075,
      0.0,
      0.006050115776860367,
      0.012681253374110349,
      0.0071433511614982246,
      0.0,
      0.007731757167175115,
      0.0,
      0.0,
      0.0018736609432130412,
      0.0,
      0.0,
      0.00866611684581635,
      0.0,
      0.0020470230193020064,
      0.0,
      0.0,
      0.0,
      0.0,
      0.0,
      0.0,
      0.0,
      0.0,
      0.0,
      0.0,
      0.002480559196148071,
      0.011090043148880145,
      0.0,
      0.0,
      0.0,
      0.007083775520606891,
      0.0018831189314825374,
      0.004660668627996272,
      0.014508309755356332,
      0.0,
      0.005861129662253476,
      0.0001243553941848134,
      0.0,
      0.00043291993391350006,
      0.0016366070253840746,
      0.018305530430340215,
      0.004979433577815828,
      0.0,
      0.003151937444234588,
      0.008647044721785197,
      0.002013330212937146,
      0.0,
      0.02196441515391944,
      0.0,
      0.006741686122441286,
      0.013880714117851939,
      0.0,
      0.0,
      0.008771973531656726,
      0.0029303723901214426,
      0.0,
      0.011174355285597376,
      0.011472341041371032,
      0.011370415507076225,
      0.0,
      0.007474285790811288,
      0.012132878056493789,
      9.18585636891134e-05,
      0.005184814437235432,
      0.0024240927377568566,
      8.890806714407416e-05,
      0.0,
      0.0,
      0.006451503357950362,
      0.0037045596694744863,
      0.0,
      0.011605202082334447,
      0.000988679734943873,
      0.0,
      0.0,
      0.0,
      0.0,
      0.0,
      0.0,
      0.0,
      0.007702926928634355,
      0.0,
      0.0,
      0.0,
      0.0,
      0.0,
      0.0022331545753797415,
      0.002645627932323434,
      0.006537487755834003,
      0.002991136192471166,
      0.00574177094694039,
      0.0,
      0.002351431746765477,
      0.002589277506968941,
      0.0028253974974938676,
      0.0,
      0.0,
      0.0016753043573286826,
      0.0035042866414498708,
      0.004252323005537359,
      0.0,
      0.004805575622635797,
      0.0,
      0.0024091914476804446
    ],
    "low_data": false
  },
  "250000": {
    "median": 0.00019780876302354837,
    "p90": 0.011548122664896115,
    "p10": 0.0,