{
  "100000": {
    "median": 0.0,
    "p90": 0.013071316529259708,
    "p10": 0.0,
    "sample": [
      5.431920107079363e-05,
      6.167504918708187e-05,
      0.0,
      0.009692531506966157,
      0.012684275626648351,
      0.0,
      0.02408038262983419,
      0.0,
      0.015986600548058658,
      0.0,
      0.03133394918361074,
      0.0,
      0.0,
      0.001241248919152887,
      0.0,
      0.004127110748098987,
      0.01020369492849427,
      0.014675227363343611,
      0.004600851601050837,
      0.0,
      0.01158749915419923,
      0.0,
      0.0,
      0.016364620175088933,
      0.009624538422630318,
      0.021943363275700466,
      0.0,
      0.0,
      0.0,
      0.0,
      0.010312195884856573,
      0.0,
      0.013130653146841097,
      0.0,
      0.004030892944806581,
      0.0,
      0.009671724507818325,
      0.0,
      0.014552927608751008,
      0.009845064939295914,
      0.011322022900953126,
      0.00694538836786409,
      0.0,
      0.0,
      0.018214243570937347,
      0.0,
      0.02601577297732568,
      0.0,
      0.002686093219994815,
      0.0,
      0.0,
      0.003253804830549405,
      0.004294841328832896,
      0.015993973281521634,
      0.0,
      0.014009921090672948,
      0.0,
      0.0,
      0.02155365755014357,
      0.0,
      0.0,
      0.010559756847352107,
      0.0041610541275670845,
      0.0,
      0.0,
      0.0068287945664812265,
      0.0,
      0.010831593396266468,
      0.0,
      0.0,
      0.0,
      0.0,
      0.010749096223708007,
      0.0,
      0.0,
      0.0,
      0.0,
      0.009220826517415927,
      0.0,
      0.0,
      0.0,
      0.0,
      0.012540035335890688,
      0.002490898278051807,
      0.0027269777924550276,
      0.0,
      0.0,
      0.0,
      0.0,
      0.011309207171740466,
      0.0,
      0.0017171843516242099,
      0.006601863912069726,
      0.002517694496915205,
      0.0,
      0.0,
      0.00040741000204082376,
      0.0,
      0.0,
      0.0,
      0.0,
      0.005415776731249577,
      0.0,
      0.007370350925917227,
      0.009444708104768914,
      0.002239790530889003,
      0.0,
      0.0031279103417926144,
      0.00017339201431467062,
      0.0,
      0.0,
      0.00029735622494100693,
      0.0013747532534180555,
      0.0034493894418004102,
      0.0,
      0.003694149240110383,
      0.0,
      0.0,
      0.0,
      0.0,
      0.004892509816757954,
      0.0,
      0.0,
      0.0,
      0.0,
      0.0,
      0.01666857666130662,
      0.02603941577828568,
      0.0,
      0.0,
      0.0,
      0.018191042453483477,
      0.01567835983415553,
      0.0,
      0.0,
      0.01123269128065005,
      0.0008051584135403991,
      0.0,
      0.0,
      0.009700705180331094,
      0.0,
      0.007380783563762979,
      0.0014667802501562956,
      0.005674452658501396,
      0.001619216795206699,
      0.0,
      0.0,
      0.0,
      0.0037279156695836793,
      0.016834537184029406,
      0.012695028346417895,
      0.014937195291241894,
      0.018489759752577203,
      0.0,
      0.0,
      0.0,
      0.008014648389634805,
      0.0,
      0.012797213836512656,
      0.00025201778437903356,
      0.0004575760659697442,
      0.0,
      0.012094192755512998,
      0.0010507838391790162,
      0.0,
      0.002107495209184356,
      0.0,
      0.012932864421569788,
      0.01537276849610157,
      0.00824432520869192,
      0.0,
      0.0,
      0.0,
      0.0,
      0.0,
      0.0028320381710620545,
      0.0013008307617325171,
      0.0,
      0.0,
      0.005832700917753751,
      0.0017413947737075432,
      0.004037559173088264,
      0.0,
      0.0,
      0.0,
      0.0,
      0.0,
      0.0,
      0.006892435339491688,
      0.0016249272813241044,
      0.003217100857972224,
      0.020796222166498173,
      0.007233094047695326,
      0.0,
      0.0018817223954897652,
      0.0,
      0.0022059690725259383,
      0.00884082099420555,
      0.0035532272892936393,
      0.005447498216767292,
      0.0,
      0.005426356395222709,
      0.0,
      0.0,
      0.0036904398879505904,
      0.0003708453169422164,
      0.0,
      0.0,
      0.0,
      0.0,
      0.005033184290780409,
      0.0,
      0.006867225760743148,
      0.0
    ],
    "low_data": false
  },
  "250000": {
    "median": 0.0,
    "p90": 0.013464376578647236,
    "p10": 0.0,