{
  "100000": {
    "median": 0.00023978804676909378,
    "p90": 0.014621458494447747,
    "p10": 0.0,
    "sample": [
      8.439487318966808e-05,
      0.01655788373133447,
      0.00023978804676909378,
      0.0,
      0.0,
      0.0024019902200723216,
      0.0,
      0.0,
      2.0216043519236267e-05,
      0.0,
      0.0,
      0.0,
      0.010273193131312752,
      0.0,
      0.004212682463687356,
      0.0,
      0.009246296116054303,
      0.0,
      0.0,
      0.0,
      0.0005258967557618024,
      0.0,
      0.010367884369539547,
      0.0,
      0.0,
      0.002721569485364724,
      0.0,
      0.0,
      0.005324312111920447,
      0.011570707361274869,
      0.002443534142525297,
      0.009846733778158291,
      0.015465465455962116,
      0.022454281779752498,
      0.015359627810533103,
      0.027381943857045996,
      0.0,
      0.013418893465564541,
      0.0,
      0.0,
      0.023536992998781855,
      0.0,
      0.0,
      0.017425694960491765,
      0.0,
      0.014127007820292165,
      0.008651316584630333,
      0.0,
      0.01373052010383783,
      0.0,
      0.023498496600967034,
      0.02710243934369663,
      0.0,
      0.0,
      0.003640906368296627,
      0.0,
      0.0,
      0.0,
      0.0,
      0.03985762896883894,
      0.0,
      0.0,
      0.0,
      0.0,
      0.016719146728340108,
      0.012354166582731826,
      0.0,
      0.0,
      0.020898049467805453,
      0.0,
      0.005560780931862333,
      0.008654596236971887,
      0.0,
      0.0,
      0.0014101643404753998,
      0.003664828505305421,
      0.0,
      0.0030842759863216104,
      0.0,
      0.0,
      0.0027862428395694456,
      0.0,
      0.0,
      0.008872285538926834,
      0.00020254652369190035,
      0.0,
      0.0,
      0.0021499965512318153,
      0.0,
      0.0016763156476999777,
      0.0,
      0.0,
      0.0011646794035017898,
      0.0,
      0.0,
      0.026718224186260735,
      0.014153329894630196,
      0.04186664295197194,
      0.0,
      0.017303073934446394,
      0.000714005346153155,
      0.0,
      0.0,
      0.0,
      0.0,
      0.0034926884151948237,
      0.009030192487604765,
      0.0,
      0.0,
      0.014616991449533155,
      0.030095199479043936,
      0.0037896435960391066,
      0.013136730975503821,
      0.016371127964253204,
      0.0,
      0.016148817229681693,
      0.03117582268018518,
      0.014639326674106118,
      0.0,
      0.014117260758999054,
      0.0,
      0.0,
      0.003140929502745614,
      0.0,
      0.0,
      0.007873716416646918,
      0.0,
      0.0016246774684649374,
      0.0,
      0.0,
      0.0,
      0.0,
      0.0,
      0.0,
      0.0,
      0.0,
      0.0,
      0.0,
      0.0027270549084292663,
      0.015086202036478228,
      0.0,
      0.0,
      0.0,
      0.007468937966594704,
      0.002516374082415746,
      0.004715448370082233,
      0.014651038572208085,
      0.0,
      0.006342871111112491,
      0.0002858041154394116,
      0.0,
      0.0005246367817481496,
      0.001657300486597397,
      0.012107948712618806,
      0.004616101592109123,
      0.0007461469002141203,
      0.0027110705632357713,
      0.007017757986731347,
      0.0020996894138979594,
      0.0,
      0.012790688968424755,
      0.0,
      0.004935053363611624,
      0.011731757095514791,
      0.0004330261274904936,
      0.0,
      0.006229200386640642,
      0.0022714009415736045,
      0.0,
      0.009175136746399451,
      0.010393986768582959,
      0.011682252173527094,
      0.0,
      0.007837471798360087,
      0.01330077184446591,
      0.00040205091812017807,
      0.005884106979270706,
      0.00306869088277511,
      0.0003036697825590367,
      0.0,
      0.0,
      0.006927018513034695,
      0.004527863448889987,
      0.0,
      0.010660750864263595,
      0.002409381729196014,
      0.0,
      0.0,
      0.0,
      0.0,
      0.0,
      0.0,
      0.00024300541085627903,
      0.0,
      0.008080267235079448,
      0.0,
      0.001538885529619083,
      0.0,
      0.0,
      0.0,
      0.0,
      0.0027915237696523234,
      0.0037625997853620663,
      0.010194889220184444,
      0.005629879326608976,
      0.010741629217595387,
      0.0,
      0.005240850333973483,
      0.0051156651352896945,
      0.005842730130094356,
      0.0,
      0.0,
      0.00288140763275612,
      0.007108216504928305,
      0.00995402400649199,
      0.0,
      0.013835491293550585,
      0.0,
      0.004742841386168204
    ],
    "low_data": false
  },
  "250000": {
    "median": 0.001364642342870371,
    "p90": 0.015245724316378781,
    "p10": 0.0,