{
  "100000": {
    "median": 0.0006433166259443637,
    "p90": 0.017165957128892174,
    "p10": 0.0,
    "sample": [
      8.439487318966808e-05,
      0.01655788373133447,
      0.0002520177217580459,
      0.0,
      0.022230173285682126,
      0.012865025269619194,
      0.0,
      0.0,
      0.0,
      0.0010413602725860976,
      0.0,
      0.0,
      0.0,
      0.0,
      0.02928120347995896,
      0.02414133352819448,
      0.0015525059534647794,
      0.0,
      0.0,
      0.017165957128892174,
      0.0017951328814437267,
      0.005135816650068037,
      0.0016278797697600125,
      0.00962319989199348,
      0.009528798400317664,
      0.0,
      0.01934928533920736,
      0.019165750247324448,
      0.01180705568051928,
      0.016519814113663996,
      0.0,
      0.038083478127633415,
      0.0,
      0.0,
      0.0037655311897382086,
      0.0,
      0.021668406656730633,
      0.036639730877343964,
      0.013339744425623242,
      0.0,
      0.01862374030059739,
      0.006267807856697501,
      0.025602816673039687,
      0.0,
      0.00021640867378575285,
      0.0,
      0.02568844195309108,
      0.012604297356765336,
      0.009644690198617883,
      0.019879463246668613,
      0.013844833147739663,
      0.0,
      0.006103994793195288,
      0.014224471913448701,
      0.011846148452150993,
      0.0,
      0.0,
      0.0,
      0.005241987241485609,
      0.013461625686271976,
      0.0,
      0.0,
      0.017457238746775412,
      0.01779126251363864,
      0.0022383639354308215,
      0.014785014844539118,
      0.028993011275662853,
      0.020851356898856123,
      0.0,
      0.006272838287957267,
      0.0,
      0.0037694388521426394,
      0.01051121833729752,
      0.0,
      0.009316957151785904,
      0.000500160210143975,
      0.0,
      0.0,
      0.0,
      0.0046792440348521055,
      0.0,
      0.0,
      0.0,
      0.0,
      0.0,
      0.003333713969490379,
      0.0,
      0.0006433166259443637,
      0.006814859851352261,
      0.0028858460009622555,
      0.0,
      0.0,
      0.0,
      0.0,
      0.0,
      0.0006866181805982635,
      0.0,
      0.0018003657786137312,
      0.0,
      0.011885782480396498,
      0.006275389292366683,
      0.016456941352088417,
      0.0,
      0.008098118901045278,
      0.007713478303965202,
      0.0,
      0.0,
      0.0,
      0.0,
      0.0,
      0.0,
      0.007862780541223439,
      0.0,
      0.005365468095640626,
      0.020544622656478568,
      0.0,
      0.04343237841690317,
      0.0,
      0.008673119486166534,
      0.0058252839152445725,
      0.0,
      0.0,
      0.0,
      0.004041519099647763,
      0.0,
      0.007744825591565679,
      0.007073569759535164,
      0.0029150271206568367,
      0.0,
      0.013292656656749662,
      0.005809375582804325,
      0.008578191963576325,
      0.0,
      0.0,
      0.0,
      0.0,
      0.011934392003939562,
      0.006913047749661863,
      0.0,
      0.0011763016374786088,
      0.02140182800334593,
      0.004539810825409361,
      0.007930082508909392,
      0.01087503967912752,
      0.004377779333340419,
      0.02159011347676949,
      0.0,
      0.011996838599435398,
      0.0,
      0.002667761137539751,
      0.0,
      0.0,
      0.0,
      0.0044792773381783415,
      0.0014760318443393637,
      0.0,
      0.0,
      0.0008588336990147518,
      0.0,
      0.0,
      0.004444811907647721,
      0.01160947024387197,
      0.0,
      0.0,
      0.001462182489025973,
      0.0,
      0.0,
      0.0,
      0.0,
      0.022199048052541723,
      0.0014108260385072625,
      0.0,
      0.0,
      0.0,
      0.0,
      0.0,
      0.0032617967926906167,
      0.005596755939894806,
      0.0019413958365872611,
      0.0,
      0.0037585368858931737,
      0.0,
      0.0018436317513702005,
      0.00034188115930108083,
      0.017825913958053392,
      0.0,
      0.01281005903425327,
      0.002948056425169053,
      0.002095335427661698,
      0.0009190251393583745,
      0.0,
      0.0,
      0.0,
      0.0035418517971171626,
      0.0015018851311341841,
      0.0,
      0.00014117501044831268,
      0.004762686108899244,
      0.0,
      0.008511553132590641,
      0.0022076551792721204,
      0.0,
      0.006432619507960049,
      0.0,
      0.006364462119393487,
      0.0,
      0.0,
      0.002856241073423988,
      0.0,
      0.0,
      0.0,
      0.0,
      0.0,
      0.014206070357227665,
      0.0,
      0.0,
      0.0,
      0.006455119462886746,
      0.0,
      0.0009528187711162726,
      0.005553136586255061
    ],
    "low_data": false
  },
  "250000": {
    "median": 0.001558179945987637,
    "p90": 0.018699922569448454,
    "p10": 0.0,