{
  "100000": {
    "median": 3.118948682520508e-05,
    "p90": 0.01540769488657056,
    "p10": 0.0,
    "sample": [
      8.439487318966808e-05,
      0.01655788373133447,
      0.0002459340634599821,
      0.009012350700417792,
      0.016672239066734956,
      0.0,
      0.009102365067534722,
      0.011745120735081757,
      0.0,
      0.021887725623223747,
      0.0,
      0.015261225967958114,
      0.0,
      0.025711591057824806,
      0.0,
      0.0,
      0.0015090538205599713,
      0.0,
      0.0044146509233995886,
      0.010804418934487314,
      0.014735508875845384,
      0.004743073058868312,
      0.0,
      0.011345031363073873,
      0.0,
      0.0,
      0.022719532711679626,
      0.014037176248299265,
      0.029451700105742922,
      0.0,
      0.0,
      0.0,
      0.0,
      0.017275520316760253,
      0.0,
      0.023695731475285572,
      0.0,
      0.006247575371303618,
      0.0,
      0.012290507247581534,
      0.0,
      0.01705877712728367,
      0.011575348044340876,
      0.01334563051250722,
      0.007488682526272797,
      0.0,
      0.0,
      0.018416277975464992,
      0.0,
      0.03133392102512037,
      0.0,
      0.00429654589454735,
      0.0,
      0.0,
      0.005919682553701504,
      0.00778089654586867,
      0.02727712874818178,
      0.0,
      0.02160086479568038,
      0.0,
      0.0,
      0.03953281819975346,
      0.0,
      0.0,
      0.021217287977241518,
      0.00998651656795823,
      0.0,
      0.0,
      0.01560320898824493,
      0.0,
      0.010081329434702798,
      0.0,
      0.0,
      0.0,
      0.0,
      0.009288182180515858,
      0.0,
      0.0,
      0.0,
      0.0,
      0.00724301944248944,
      0.0,
      0.0,
      0.0,
      0.0,
      0.010716338554083958,
      0.0022551706039247023,
      0.0025705242909858173,
      0.0,
      0.0,
      0.0,
      0.0,
      0.013526358060707585,
      0.0,
      0.002304059243726597,
      0.009094436583408748,
      0.003488775372272517,
      0.0,
      0.0,
      0.00044367060316890156,
      0.0,
      0.0,
      0.0,
      0.0,
      0.015447366611126728,
      0.0,
      0.021307411782606686,
      0.029344869962646812,
      0.005294379852411574,
      0.0,
      0.009238197244758835,
      0.0,
      0.0,
      0.0,
      0.0011962963836509737,
      0.0039597861543812195,
      0.00818875249405626,
      0.0,
      0.007741333640934416,
      0.0,
      3.118948682520508e-05,
      0.0,
      0.0,
      0.007308016059678256,
      0.0,
      0.0,
      0.0,
      0.0,
      0.0,
      0.013977375535218113,
      0.023559931218629437,
      0.0,
      0.0,
      0.0,
      0.017057552312731285,
      0.014190108594615926,
      0.0,
      0.0,
      0.011689046345107005,
      0.001327397678125819,
      0.0,
      0.0,
      0.010585012678214436,
      0.0,
      0.008170937508708663,
      0.0015107613011435782,
      0.005823858152086969,
      0.0017676879649769703,
      0.0,
      0.0,
      0.0,
      0.002475187385235339,
      0.010497603415463484,
      0.008616744049753459,
      0.010619965227318888,
      0.013226487857019412,
      0.0,
      0.0,
      0.0,
      0.006748228797475319,
      0.0,
      0.009856978644264892,
      0.00027099613526129546,
      0.0011462175315720639,
      0.0,
      0.009454478599523345,
      0.000898057063190399,
      0.0,
      0.0016109979918521179,
      0.0,
      0.011655341015193485,
      0.015397776955431517,
      0.009290441042591385,
      0.0,
      0.0,
      0.0,
      0.0,
      0.0,
      0.0033013556071700267,
      0.0017453597145673668,
      0.0,
      0.0,
      0.006525507568091,
      0.0022450096115978397,
      0.004277501758817278,
      0.00018706660811267984,
      0.0,
      0.0,
      0.0006091668438442784,
      0.0,
      0.0,
      0.006712937165933737,
      0.002417064935920264,
      0.0045441265952716504,
      0.004141562028447003,
      0.018544588654307102,
      0.0077825721236916895,
      0.0,
      0.002714024474920077,
      0.0024506650512364,
      0.0,
      0.0027514946994106485,
      0.013452845348499042,
      0.005659986638168394,
      0.00957307516562796,
      0.0,
      0.011012939924941905,
      0.0,
      0.0,
      0.007538290909221163,
      0.0,
      0.0,
      0.0,
      0.0,
      0.0,
      0.014088741510672423,
      0.0,
      0.01530716259348465,
      0.00024636119769248755
    ],
    "low_data": false
  },
  "250000": {
    "median": 0.000925292942372843,
    "p90": 0.01608150134720426,
    "p10": 0.0,