{
  "100000": {
    "median": 0.00027064561054593496,
    "p90": 0.014626578529436102,
    "p10": 0.0,
    "sample": [
      4.121787481795367e-05,
      0.00017556766738505226,
      0.0003657235537068177,
      0.0,
      0.0,
      0.0,
      0.0004915002458555033,
      0.006759222223139542,
      0.0,
      0.001756499888700702,
      0.004481685765738283,
      0.002512439122831152,
      0.0,
      0.0,
      0.0012715811252286967,
      0.0,
      0.0,
      0.0,
      0.0,
      0.008649108150866213,
      0.0,
      0.010442260288993217,
      0.014012706357537447,
      0.0028987993298089263,
      0.0,
      0.005607888402126187,
      0.0,
      0.0,
      0.0,
      0.0009772076765657202,
      0.0025781114769507633,
      0.005281880390191237,
      0.0,
      0.0045603770341145575,
      0.0,
      0.00013332955756016916,
      0.0,
      0.0,
      0.005828390870612776,
      0.0,
      0.0,
      0.0,
      0.0,
      0.0,
      0.02027139334732451,
      0.030314591016411145,
      0.0,
      0.0,
      0.0,
      0.019258735277727635,
      0.017699414028516776,
      0.0,
      0.0,
      0.013894161418753851,
      0.002244065295603062,
      0.0,
      0.0,
      0.010758440089835637,
      0.0,
      0.008451049771757743,
      0.003728806440862032,
      0.005552040177697233,
      0.002103426073297007,
      0.0,
      0.0,
      0.00045767175758104324,
      0.006287717711011428,
      0.018463632890555078,
      0.014559143887983123,
      0.016611055733559595,
      0.019021782408311354,
      0.0,
      0.0,
      0.0,
      0.008030430089875343,
      0.0,
      0.018494997817379347,
      0.0021553485071814176,
      0.00037868106157994905,
      0.0,
      0.01693541582083965,
      0.002352716048474559,
      0.0010881845737860116,
      0.002868585023232591,
      0.0,
      0.017121813082057687,
      0.021146783899209737,
      0.012283318512346122,
      0.0,
      0.0,
      0.0,
      0.0,
      0.0,
      0.004202308730742546,
      0.001824142949425663,
      0.0,
      0.0,
      0.008532788720880213,
      0.006542407189714348,
      0.005740833850944433,
      0.0,
      0.0,
      0.0,
      0.0,
      0.0,
      0.0,
      0.011540441262579733,
      0.0025724560236082173,
      0.005638276234748723,
      0.03705897412070672,
      0.012578385170716438,
      0.0,
      0.0024808344809937825,
      0.0,
      0.004439299418382758,
      0.014675354312071657,
      0.006253138883582012,
      0.010787104268287315,
      0.0,
      0.0115121487519332,
      0.0,
      0.0,
      0.010295296145494917,
      0.0011530884488009008,
      0.0,
      0.0,
      0.0,
      0.0,
      0.014634071267375322,
      0.0,
      0.014178593549293104,
      0.0016438726687620002
    ],
    "low_data": false
  },
  "250000": {
    "median": 0.0020486720845102574,
    "p90": 0.018797314465687574,
    "p10": 0.0,
    "sample": [
      9.402245867048686e-05,
      0.00040048895833403366,
      0.0007806551655459883,
      0.0,
      0.0004864598061543122,
      0.0,
      0.0014918663781015862,
      0.007605874772723514,
      0.0,
      0.002952972250094033,
      0.005985736567416523,
      0.0037004514646396033,
      0.0,
      0.0,
      0.0026705155440327126,
      0.0,
      0.0,
      0.00010150144314436099,
      0.0,
      0.010767456449343207,
      0.0,
      0.01195407713254269,
      0.015869598594248524,
      0.003986417258230198,
      0.0,
      0.00782536232248595,
      0.0002643538198112421,
      0.0,
      0.0,
      0.0019301923503574152,
      0.0038329108857050303,
      0.006260717816038644,
      0.0,
      0.004966475684163975,
      0.0,
      0.0008513925210975766,
      0.0,
      0.0,
      0.006706132087265711,
      0.0,
      0.0,
      0.0,
      0.0016086770145188872,
      0.0,
      0.023717088763275905,
      0.0332839095859597,
      0.00010233500426509333,
      0.0,
      0.0,
      0.020746412072248546,
      0.02084385343111499,
      0.0,
      0.002768075637616318,
      0.01697023000244699,
      0.0041351427753871465,
      0.0006940772538986109,
      0.00014786886217497573,
      0.012786992706299329,
      0.0005311811501493863,
      0.011113277931486212,
      0.0073676035332879645,
      0.006741271396828498,
      0.0033567511977390845,
      0.0,
      0.0,
      0.005583663882038119,
      0.010479715495781593,
      0.02373739071624928,
      0.019909546569190202,
      0.022776876173468935,
      0.02055458006050805,
      0.0,
      0.0,
      0.0,
      0.008665660922879053,
      0.0,
      0.01978504527149904,
      0.0047159011503169375,
      0.0008406972651589034,
      0.0,
      0.01884593630776568,
      0.0044391527990040435,
      0.004196705254634386,
      0.003372189319110126,
      0.00032964793863438395,
      0.018359717886984588,
      0.021937207413263538,
      0.013963195049946637,
      0.0,
      0.0025209656317146927,
      0.0,
      0.0,
      0.0,
      0.0043536188484157995,
      0.0021671518186630995,
      0.0,
      0.0,
      0.010211739721464842,
      0.012775234817820273,
      0.007280585770282219,
      0.0005831725550337653,
      0.0,
      0.0,
      0.00035895839719531704,
      0.0,
      0.0,
      0.014077798737607339,
      0.003694663673335537,
      0.006786612976306559,
      0.03829484894992206,
      0.014359867673389754,
      0.0,
      0.003207845269032717,
      0.002647947694305825,
      0.006414141036225973,
      0.016124013148720126,
      0.008218706124186605,
      0.013856139731310314,
      0.0,
      0.011755556193416741,
      0.0,
      0.0,
      0.013861245464900493,
      0.0031254981456291893,
      0.0,
      0.0,
      0.0,
      0.005259380503458399,
      0.020194719206259135,
      0.0,
      0.019235481150433692,
      0.00398926851716184
    ],
    "low_data": false
  },
  "500000": {
    "median": 0.004238879609340531,
    "p90": 0.021790367350803645,
    "p10": 0.0,